id,function_name,call_data_time,execution_time,username_clicker
141,delete_button_clicked,Sat Apr 27 13:14:02 2024,0.009973287582397461,a.ri
142,delete_button_clicked,Sat Apr 27 13:14:05 2024,0.008961677551269531,a.ri
143,back_to_home_page_button_clicked,Sat Apr 27 13:14:07 2024,0.0,a.ri
144,log_button_clicked,Sat Apr 27 13:14:08 2024,0.001994609832763672,a.ri
145,back_to_home_page_button_clicked,Sat Apr 27 13:14:13 2024,0.0,a.ri
146,set_current_user_for_profile_frame,Sat Apr 27 13:14:15 2024,0.0009970664978027344,a.ri
147,profile_button_clicked,Sat Apr 27 13:14:15 2024,0.007982730865478516,a.ri
148,back_to_home_page_button_clicked,Sat Apr 27 13:14:16 2024,0.0009884834289550781,a.ri
149,edit_information_button_clicked,Sat Apr 27 13:14:17 2024,0.0009965896606445312,a.ri
150,back_to_home_page_button_clicked,Sat Apr 27 13:14:18 2024,0.0,a.ri
151,load_data,Sat Apr 27 13:14:19 2024,0.0019941329956054688,a.ri
152,show_user,Sat Apr 27 13:14:19 2024,0.006983041763305664,a.ri
153,back_to_home_page_button_clicked,Sat Apr 27 13:14:21 2024,0.0009975433349609375,a.ri
154,log_button_clicked,Sat Apr 27 13:14:21 2024,0.0020036697387695312,a.ri
155,back_to_home_page_button_clicked,Sat Apr 27 13:14:30 2024,0.0,a.ri
156,logout_button_clicked,Sat Apr 27 13:14:32 2024,0.0,a.ri
157,set_current_user,Sat Apr 27 13:14:38 2024,0.0,a.ri
158,login_button_clicked,Sat Apr 27 13:14:38 2024,0.010971546173095703,a.ri
159,log_button_clicked,Sat Apr 27 13:14:39 2024,0.0019888877868652344,a.ri
160,back_to_home_page_button_clicked,Sat Apr 27 13:14:42 2024,0.0010068416595458984,a.ri
161,load_data,Sat Apr 27 13:14:44 2024,0.0019943714141845703,a.ri
162,show_user,Sat Apr 27 13:14:44 2024,0.007979869842529297,a.ri
163,back_to_home_page_button_clicked,Sat Apr 27 13:14:46 2024,0.0009653568267822266,a.ri
164,logout_button_clicked,Sat Apr 27 13:14:47 2024,0.000995635986328125,a.ri
165,set_current_user,Sat Apr 27 13:14:52 2024,0.0,a.ax
166,login_button_clicked,Sat Apr 27 13:14:52 2024,0.010970592498779297,a.ax
167,set_current_user_for_profile_frame,Sat Apr 27 13:14:53 2024,0.000997781753540039,a.ax
168,profile_button_clicked,Sat Apr 27 13:14:53 2024,0.007978677749633789,a.ax
169,back_to_home_page_button_clicked,Sat Apr 27 13:14:54 2024,0.0,a.ax
170,edit_information_button_clicked,Sat Apr 27 13:14:55 2024,0.0009970664978027344,a.ax
171,back_to_home_page_button_clicked,Sat Apr 27 13:14:55 2024,0.0,a.ax
172,edit_information_button_clicked,Sat Apr 27 13:14:56 2024,0.0009987354278564453,a.ax
173,back_to_home_page_button_clicked,Sat Apr 27 13:14:56 2024,0.0,a.ax
174,logout_button_clicked,Sat Apr 27 13:14:57 2024,0.0009932518005371094,a.ax
175,set_current_user,Sat Apr 27 13:15:00 2024,0.0,a.ri
176,login_button_clicked,Sat Apr 27 13:15:00 2024,0.011963605880737305,a.ri
177,log_button_clicked,Sat Apr 27 13:15:01 2024,0.001994609832763672,a.ri
178,back_to_home_page_button_clicked,Sat Apr 27 13:15:06 2024,0.0,a.ri
179,set_current_user,Mon Apr 29 12:23:09 2024,0.000997781753540039,a.ri
180,login_button_clicked,Mon Apr 29 12:23:09 2024,0.021945714950561523,a.ri
181,load_data,Mon Apr 29 12:23:10 2024,0.0029916763305664062,a.ri
182,show_user,Mon Apr 29 12:23:10 2024,0.007985353469848633,a.ri
183,set_current_user,Mon Apr 29 12:30:24 2024,0.0009975433349609375,a.ri
184,login_button_clicked,Mon Apr 29 12:30:24 2024,0.01296544075012207,a.ri
185,load_data,Mon Apr 29 12:30:25 2024,0.0029931068420410156,a.ri
186,show_user,Mon Apr 29 12:30:25 2024,0.008994102478027344,a.ri
187,set_current_user,Mon Apr 29 12:30:39 2024,0.0009982585906982422,a.ri
188,login_button_clicked,Mon Apr 29 12:30:39 2024,0.014957904815673828,a.ri
189,load_data,Mon Apr 29 12:30:40 2024,0.002992868423461914,a.ri
190,show_user,Mon Apr 29 12:30:40 2024,0.008975505828857422,a.ri
191,set_current_user,Mon Apr 29 12:31:08 2024,0.0009968280792236328,a.ri
192,login_button_clicked,Mon Apr 29 12:31:08 2024,0.011967897415161133,a.ri
193,load_data,Mon Apr 29 12:31:09 2024,0.002992391586303711,a.ri
194,show_user,Mon Apr 29 12:31:09 2024,0.007979631423950195,a.ri
195,set_current_user,Mon Apr 29 12:31:41 2024,0.0,a.ri
196,login_button_clicked,Mon Apr 29 12:31:41 2024,0.010975837707519531,a.ri
197,load_data,Mon Apr 29 12:31:42 2024,0.0019936561584472656,a.ri
198,show_user,Mon Apr 29 12:31:42 2024,0.009162664413452148,a.ri
199,set_current_user,Mon Apr 29 12:32:55 2024,0.0009992122650146484,a.ri
200,login_button_clicked,Mon Apr 29 12:32:55 2024,0.011968851089477539,a.ri
201,load_data,Mon Apr 29 12:32:55 2024,0.0029909610748291016,a.ri
202,show_user,Mon Apr 29 12:32:55 2024,0.008980274200439453,a.ri
203,set_current_user,Mon Apr 29 12:36:53 2024,0.0,a.ri
204,login_button_clicked,Mon Apr 29 12:36:53 2024,0.039850473403930664,a.ri
205,load_data,Mon Apr 29 12:36:54 2024,0.0019948482513427734,a.ri
206,show_user,Mon Apr 29 12:36:54 2024,0.05446004867553711,a.ri
207,set_current_user,Mon Apr 29 12:37:25 2024,0.0009982585906982422,a.ri
208,login_button_clicked,Mon Apr 29 12:37:25 2024,0.010970830917358398,a.ri
209,login_button_clicked,Mon Apr 29 12:37:26 2024,1.831852674484253,a.ri
210,load_data,Mon Apr 29 12:37:28 2024,0.002991914749145508,a.ri
211,show_user,Mon Apr 29 12:37:28 2024,0.00698542594909668,a.ri
212,set_current_user,Mon Apr 29 12:38:08 2024,0.0009963512420654297,a.ri
213,login_button_clicked,Mon Apr 29 12:38:08 2024,0.009972333908081055,a.ri
214,login_button_clicked,Mon Apr 29 12:38:09 2024,2.0768260955810547,a.ri
215,load_data,Mon Apr 29 12:38:12 2024,0.001995086669921875,a.ri
216,show_user,Mon Apr 29 12:38:12 2024,0.007978677749633789,a.ri
217,load_data,Mon Apr 29 12:39:10 2024,0.000997304916381836,a.ri
218,sort_button_clicked,Mon Apr 29 12:39:10 2024,0.006972789764404297,a.ri
219,load_data,Mon Apr 29 12:39:13 2024,0.0009975433349609375,a.ri
220,sort_button_clicked,Mon Apr 29 12:39:13 2024,0.00798344612121582,a.ri
221,load_data,Mon Apr 29 12:39:15 2024,0.001962900161743164,a.ri
222,sort_button_clicked,Mon Apr 29 12:39:15 2024,0.006978273391723633,a.ri
223,set_current_user,Mon Apr 29 12:48:52 2024,0.000997304916381836,a.ri
224,login_button_clicked,Mon Apr 29 12:48:52 2024,0.012973308563232422,a.ri
225,load_data,Mon Apr 29 12:48:53 2024,0.0019943714141845703,a.ri
226,show_user,Mon Apr 29 12:48:53 2024,0.007985591888427734,a.ri
227,back_to_home_page_button_clicked,Mon Apr 29 12:48:54 2024,0.0009875297546386719,a.ri
228,logout_button_clicked,Mon Apr 29 12:48:55 2024,0.0,a.ri
229,set_current_user,Mon Apr 29 12:49:01 2024,0.000997781753540039,a.ax
230,login_button_clicked,Mon Apr 29 12:49:01 2024,0.010969400405883789,a.ax
231,load_data,Mon Apr 29 12:49:02 2024,0.0019941329956054688,a.ax
232,show_user,Mon Apr 29 12:49:02 2024,0.007977724075317383,a.ax
233,back_to_home_page_button_clicked,Mon Apr 29 12:49:03 2024,0.0,a.ax
234,logout_button_clicked,Mon Apr 29 12:49:05 2024,0.0,a.ax
235,set_current_user,Mon Apr 29 12:49:09 2024,0.0,j.mo
236,login_button_clicked,Mon Apr 29 12:49:09 2024,0.009965181350708008,j.mo
237,load_data,Mon Apr 29 12:49:10 2024,0.001992464065551758,j.mo
238,show_user,Mon Apr 29 12:49:10 2024,0.008976459503173828,j.mo
239,set_current_user,Mon Apr 29 12:50:15 2024,0.0009982585906982422,a.ri
240,login_button_clicked,Mon Apr 29 12:50:15 2024,0.011969327926635742,a.ri
241,load_data,Mon Apr 29 12:50:15 2024,0.002992391586303711,a.ri
242,show_user,Mon Apr 29 12:50:15 2024,0.008980751037597656,a.ri
243,back_to_home_page_button_clicked,Mon Apr 29 12:50:17 2024,0.0,a.ri
244,logout_button_clicked,Mon Apr 29 12:50:17 2024,0.000997304916381836,a.ri
245,set_current_user,Mon Apr 29 12:50:25 2024,0.0009982585906982422,a.ax
246,login_button_clicked,Mon Apr 29 12:50:25 2024,0.008971214294433594,a.ax
247,load_data,Mon Apr 29 12:50:26 2024,0.0019953250885009766,a.ax
248,show_user,Mon Apr 29 12:50:26 2024,0.008975505828857422,a.ax
249,back_to_home_page_button_clicked,Mon Apr 29 12:50:30 2024,0.0,a.ax
250,logout_button_clicked,Mon Apr 29 12:50:31 2024,0.0,a.ax
251,set_current_user,Mon Apr 29 12:50:37 2024,0.0,j.mo
252,login_button_clicked,Mon Apr 29 12:50:37 2024,0.010969877243041992,j.mo
253,load_data,Mon Apr 29 12:50:37 2024,0.0019943714141845703,j.mo
254,show_user,Mon Apr 29 12:50:37 2024,0.008869171142578125,j.mo
255,set_current_user,Mon Apr 29 12:51:28 2024,0.0009968280792236328,a.ax
256,login_button_clicked,Mon Apr 29 12:51:28 2024,0.011968612670898438,a.ax
257,load_data,Mon Apr 29 12:51:28 2024,0.0009975433349609375,a.ax
258,show_user,Mon Apr 29 12:51:28 2024,0.004988670349121094,a.ax
259,back_to_home_page_button_clicked,Mon Apr 29 12:51:39 2024,0.0009970664978027344,a.ax
260,logout_button_clicked,Mon Apr 29 12:51:40 2024,0.0009887218475341797,a.ax
261,set_current_user,Mon Apr 29 12:51:44 2024,0.0009975433349609375,a.ri
262,login_button_clicked,Mon Apr 29 12:51:44 2024,0.011971473693847656,a.ri
263,load_data,Mon Apr 29 12:51:45 2024,0.0019931793212890625,a.ri
264,show_user,Mon Apr 29 12:51:45 2024,0.006979703903198242,a.ri
265,set_current_user,Mon Apr 29 12:52:44 2024,0.000997304916381836,a.ri
266,login_button_clicked,Mon Apr 29 12:52:44 2024,0.011970281600952148,a.ri
267,load_data,Mon Apr 29 12:52:44 2024,0.0029914379119873047,a.ri
268,show_user,Mon Apr 29 12:52:44 2024,0.008975744247436523,a.ri
269,back_to_home_page_button_clicked,Mon Apr 29 12:52:46 2024,0.0009961128234863281,a.ri
270,logout_button_clicked,Mon Apr 29 12:52:47 2024,0.0009958744049072266,a.ri
271,set_current_user,Mon Apr 29 12:52:52 2024,0.0009975433349609375,a.ax
272,login_button_clicked,Mon Apr 29 12:52:52 2024,0.012986183166503906,a.ax
273,load_data,Mon Apr 29 12:52:53 2024,0.0019948482513427734,a.ax
274,show_user,Mon Apr 29 12:52:53 2024,0.007977485656738281,a.ax
275,back_to_home_page_button_clicked,Mon Apr 29 12:52:58 2024,0.0009968280792236328,a.ax
276,logout_button_clicked,Mon Apr 29 12:53:00 2024,0.0,a.ax
277,set_current_user,Mon Apr 29 12:53:06 2024,0.0,j.mo
278,login_button_clicked,Mon Apr 29 12:53:06 2024,0.010975360870361328,j.mo
279,load_data,Mon Apr 29 12:53:06 2024,0.0019817352294921875,j.mo
280,show_user,Mon Apr 29 12:53:06 2024,0.006993532180786133,j.mo
281,default_user_button_clicked,Mon Apr 29 12:53:10 2024,0.0,j.mo
282,default_user_button_clicked,Mon Apr 29 12:53:11 2024,1.2943966388702393,j.mo
283,set_current_user,Mon Apr 29 12:54:37 2024,0.0009987354278564453,a.ri
284,login_button_clicked,Mon Apr 29 12:54:37 2024,0.009966611862182617,a.ri
285,load_data,Mon Apr 29 12:54:37 2024,0.0019948482513427734,a.ri
286,show_user,Mon Apr 29 12:54:37 2024,0.008991479873657227,a.ri
287,back_to_home_page_button_clicked,Mon Apr 29 12:54:38 2024,0.0009987354278564453,a.ri
288,logout_button_clicked,Mon Apr 29 12:54:39 2024,0.0,a.ri
289,set_current_user,Mon Apr 29 12:54:43 2024,0.0009970664978027344,a.ax
290,login_button_clicked,Mon Apr 29 12:54:43 2024,0.011957883834838867,a.ax
291,load_data,Mon Apr 29 12:54:44 2024,0.0019943714141845703,a.ax
292,show_user,Mon Apr 29 12:54:44 2024,0.007967233657836914,a.ax
293,back_to_home_page_button_clicked,Mon Apr 29 12:54:47 2024,0.0,a.ax
294,logout_button_clicked,Mon Apr 29 12:54:48 2024,0.0009961128234863281,a.ax
295,set_current_user,Mon Apr 29 12:54:52 2024,0.0,j.mo
296,login_button_clicked,Mon Apr 29 12:54:52 2024,0.00997304916381836,j.mo
297,load_data,Mon Apr 29 12:54:52 2024,0.001994609832763672,j.mo
298,show_user,Mon Apr 29 12:54:52 2024,0.007003307342529297,j.mo
299,set_current_user,Mon Apr 29 12:56:03 2024,0.000997304916381836,a.ri
300,login_button_clicked,Mon Apr 29 12:56:03 2024,0.012956619262695312,a.ri
301,load_data,Mon Apr 29 12:56:03 2024,0.0029926300048828125,a.ri
302,show_user,Mon Apr 29 12:56:03 2024,0.007978439331054688,a.ri
303,back_to_home_page_button_clicked,Mon Apr 29 12:56:05 2024,0.000997304916381836,a.ri
304,logout_button_clicked,Mon Apr 29 12:56:05 2024,0.0,a.ri
305,set_current_user,Mon Apr 29 12:56:09 2024,0.0,a.ax
306,login_button_clicked,Mon Apr 29 12:56:09 2024,0.0109405517578125,a.ax
307,load_data,Mon Apr 29 12:56:10 2024,0.0029799938201904297,a.ax
308,show_user,Mon Apr 29 12:56:10 2024,0.007970333099365234,a.ax
309,back_to_home_page_button_clicked,Mon Apr 29 12:56:13 2024,0.0010001659393310547,a.ax
310,logout_button_clicked,Mon Apr 29 12:56:15 2024,0.0009980201721191406,a.ax
311,set_current_user,Mon Apr 29 12:56:26 2024,0.0,j.mo
312,login_button_clicked,Mon Apr 29 12:56:26 2024,0.013939619064331055,j.mo
313,load_data,Mon Apr 29 12:56:26 2024,0.0019943714141845703,j.mo
314,show_user,Mon Apr 29 12:56:26 2024,0.0075511932373046875,j.mo
315,set_current_user,Mon Apr 29 12:57:35 2024,0.000997304916381836,a.ri
316,login_button_clicked,Mon Apr 29 12:57:35 2024,0.010975360870361328,a.ri
317,load_data,Mon Apr 29 12:57:36 2024,0.001995086669921875,a.ri
318,show_user,Mon Apr 29 12:57:36 2024,0.007044553756713867,a.ri
319,back_to_home_page_button_clicked,Mon Apr 29 12:57:52 2024,0.0,a.ri
320,logout_button_clicked,Mon Apr 29 12:57:54 2024,0.0009958744049072266,a.ri
321,set_current_user,Mon Apr 29 12:57:59 2024,0.0009975433349609375,a.ax
322,login_button_clicked,Mon Apr 29 12:57:59 2024,0.010955572128295898,a.ax
323,load_data,Mon Apr 29 12:57:59 2024,0.0009982585906982422,a.ax
324,show_user,Mon Apr 29 12:57:59 2024,0.007979393005371094,a.ax
325,back_to_home_page_button_clicked,Mon Apr 29 12:58:00 2024,0.0,a.ax
326,set_current_user,Mon Apr 29 12:58:54 2024,0.000997304916381836,j.mo
327,login_button_clicked,Mon Apr 29 12:58:54 2024,0.011968374252319336,j.mo
328,load_data,Mon Apr 29 12:58:55 2024,0.0009789466857910156,j.mo
329,show_user,Mon Apr 29 12:58:55 2024,0.006001472473144531,j.mo
330,back_to_home_page_button_clicked,Mon Apr 29 12:58:57 2024,0.000997304916381836,j.mo
331,logout_button_clicked,Mon Apr 29 12:58:58 2024,0.0009975433349609375,j.mo
332,set_current_user,Mon Apr 29 12:59:02 2024,0.000997781753540039,a.ri
333,login_button_clicked,Mon Apr 29 12:59:02 2024,0.010970592498779297,a.ri
334,load_data,Mon Apr 29 12:59:03 2024,0.0029838085174560547,a.ri
335,show_user,Mon Apr 29 12:59:03 2024,0.007987260818481445,a.ri
336,back_to_home_page_button_clicked,Mon Apr 29 12:59:04 2024,0.0,a.ri
337,logout_button_clicked,Mon Apr 29 12:59:05 2024,0.0,a.ri
338,set_current_user,Mon Apr 29 12:59:09 2024,0.0009975433349609375,j.mo
339,login_button_clicked,Mon Apr 29 12:59:09 2024,0.011967658996582031,j.mo
340,load_data,Mon Apr 29 12:59:10 2024,0.001994609832763672,j.mo
341,show_user,Mon Apr 29 12:59:10 2024,0.00797724723815918,j.mo
342,back_to_home_page_button_clicked,Mon Apr 29 12:59:11 2024,0.001001119613647461,j.mo
343,logout_button_clicked,Mon Apr 29 12:59:12 2024,0.0009975433349609375,j.mo
344,set_current_user,Mon Apr 29 12:59:17 2024,0.0,a.ax
345,login_button_clicked,Mon Apr 29 12:59:17 2024,0.010969161987304688,a.ax
346,load_data,Mon Apr 29 12:59:19 2024,0.001979351043701172,a.ax
347,show_user,Mon Apr 29 12:59:19 2024,0.0069658756256103516,a.ax
348,back_to_home_page_button_clicked,Mon Apr 29 12:59:20 2024,0.0,a.ax
349,logout_button_clicked,Mon Apr 29 12:59:21 2024,0.0,a.ax
350,set_current_user,Mon Apr 29 12:59:25 2024,0.0,j.mo
351,login_button_clicked,Mon Apr 29 12:59:25 2024,0.010970830917358398,j.mo
352,load_data,Mon Apr 29 12:59:25 2024,0.001995563507080078,j.mo
353,show_user,Mon Apr 29 12:59:25 2024,0.007950067520141602,j.mo
354,set_current_user,Mon Apr 29 13:30:48 2024,0.0009970664978027344,a.ri
355,login_button_clicked,Mon Apr 29 13:30:48 2024,0.011967897415161133,a.ri
356,load_data,Mon Apr 29 13:30:50 2024,0.002991914749145508,a.ri
357,show_user,Mon Apr 29 13:30:50 2024,0.009972810745239258,a.ri
358,back_to_home_page_button_clicked,Mon Apr 29 13:30:55 2024,0.0,a.ri
359,logout_button_clicked,Mon Apr 29 13:30:58 2024,0.0009968280792236328,a.ri
360,set_current_user,Mon Apr 29 13:31:19 2024,0.0009965896606445312,a.ri
361,login_button_clicked,Mon Apr 29 13:31:19 2024,0.011967658996582031,a.ri
362,load_data,Mon Apr 29 13:31:21 2024,0.0029914379119873047,a.ri
363,show_user,Mon Apr 29 13:31:21 2024,0.00897526741027832,a.ri
364,back_to_home_page_button_clicked,Mon Apr 29 13:31:29 2024,0.0009963512420654297,a.ri
365,edit_information_button_clicked,Mon Apr 29 13:31:30 2024,0.0009930133819580078,a.ri
366,back_to_home_page_button_clicked,Mon Apr 29 13:31:32 2024,0.0009970664978027344,a.ri
367,set_current_user_for_profile_frame,Mon Apr 29 13:31:33 2024,0.0009970664978027344,a.ri
368,profile_button_clicked,Mon Apr 29 13:31:33 2024,0.00698089599609375,a.ri
369,edit_information_button_clicked,Mon Apr 29 13:31:43 2024,0.0009958744049072266,a.ri
370,back_to_home_page_button_clicked,Mon Apr 29 13:31:45 2024,0.0009965896606445312,a.ri
371,log_button_clicked,Mon Apr 29 13:31:46 2024,0.005985736846923828,a.ri
372,set_current_user,Mon Apr 29 13:39:21 2024,0.0,a.ri
373,login_button_clicked,Mon Apr 29 13:39:21 2024,0.014958858489990234,a.ri
374,load_data,Mon Apr 29 13:39:33 2024,0.0019941329956054688,a.ri
375,show_user,Mon Apr 29 13:39:33 2024,0.008981704711914062,a.ri
376,set_current_user,Mon Apr 29 13:44:26 2024,0.001996278762817383,a.ri
377,login_button_clicked,Mon Apr 29 13:44:26 2024,0.014960050582885742,a.ri
378,load_data,Mon Apr 29 13:44:26 2024,0.0029916763305664062,a.ri
379,show_user,Mon Apr 29 13:44:26 2024,0.007978439331054688,a.ri
380,back_to_home_page_button_clicked,Mon Apr 29 13:44:30 2024,0.0,a.ri
381,log_button_clicked,Mon Apr 29 13:44:31 2024,0.003988981246948242,a.ri
382,back_to_home_page_button_clicked,Mon Apr 29 13:44:35 2024,0.0009915828704833984,a.ri
383,set_current_user_for_profile_frame,Mon Apr 29 13:44:37 2024,0.0009975433349609375,a.ri
384,profile_button_clicked,Mon Apr 29 13:44:37 2024,0.007979869842529297,a.ri
385,back_to_home_page_button_clicked,Mon Apr 29 13:44:38 2024,0.0,a.ri
386,edit_information_button_clicked,Mon Apr 29 13:44:38 2024,0.0,a.ri
387,back_to_home_page_button_clicked,Mon Apr 29 13:44:39 2024,0.0007486343383789062,a.ri
388,logout_button_clicked,Mon Apr 29 13:44:40 2024,0.0,a.ri
389,set_current_user,Mon Apr 29 14:01:19 2024,0.0009970664978027344,a.ri
390,login_button_clicked,Mon Apr 29 14:01:19 2024,0.010970830917358398,a.ri
391,load_data,Mon Apr 29 14:01:19 2024,0.002992391586303711,a.ri
392,show_user,Mon Apr 29 14:01:19 2024,0.005984306335449219,a.ri
393,set_current_user,Mon Apr 29 14:02:07 2024,0.0009980201721191406,a.ri
394,login_button_clicked,Mon Apr 29 14:02:07 2024,0.011969566345214844,a.ri
395,load_data,Mon Apr 29 14:02:08 2024,0.0029914379119873047,a.ri
396,show_user,Mon Apr 29 14:02:08 2024,0.008976459503173828,a.ri
397,set_current_user,Mon Apr 29 14:03:07 2024,0.0009970664978027344,a.ri
398,login_button_clicked,Mon Apr 29 14:03:07 2024,0.011968612670898438,a.ri
399,load_data,Mon Apr 29 14:03:07 2024,0.003989696502685547,a.ri
400,show_user,Mon Apr 29 14:03:07 2024,0.008976221084594727,a.ri
401,set_current_user,Mon Apr 29 14:05:07 2024,0.0,a.ri
402,login_button_clicked,Mon Apr 29 14:05:07 2024,0.013967037200927734,a.ri
403,load_data,Mon Apr 29 14:05:15 2024,0.0029921531677246094,a.ri
404,show_user,Mon Apr 29 14:05:15 2024,0.008972644805908203,a.ri
405,load_data,Mon Apr 29 14:05:31 2024,0.001990079879760742,a.ri
406,sort_button_clicked,Mon Apr 29 14:05:31 2024,0.006975650787353516,a.ri
407,load_data,Mon Apr 29 14:05:33 2024,0.000997304916381836,a.ri
408,sort_button_clicked,Mon Apr 29 14:05:33 2024,0.006981611251831055,a.ri
409,load_data,Mon Apr 29 14:05:36 2024,0.000997304916381836,a.ri
410,sort_button_clicked,Mon Apr 29 14:05:36 2024,0.003989696502685547,a.ri
411,load_data,Mon Apr 29 14:05:38 2024,0.0019905567169189453,a.ri
412,sort_button_clicked,Mon Apr 29 14:05:38 2024,0.007974386215209961,a.ri
413,back_to_home_page_button_clicked,Mon Apr 29 14:05:40 2024,0.0009918212890625,a.ri
414,log_button_clicked,Mon Apr 29 14:05:41 2024,0.004987001419067383,a.ri
415,back_to_home_page_button_clicked,Mon Apr 29 14:05:59 2024,0.000982522964477539,a.ri
416,set_current_user_for_profile_frame,Mon Apr 29 14:06:03 2024,0.0009975433349609375,a.ri
417,profile_button_clicked,Mon Apr 29 14:06:03 2024,0.00797891616821289,a.ri
418,edit_information_button_clicked,Mon Apr 29 14:06:26 2024,0.0009965896606445312,a.ri
419,back_to_home_page_button_clicked,Mon Apr 29 14:06:34 2024,0.0,a.ri
420,set_current_user_for_profile_frame,Mon Apr 29 14:06:35 2024,0.0009975433349609375,a.ri
421,profile_button_clicked,Mon Apr 29 14:06:35 2024,0.006979942321777344,a.ri
422,back_to_home_page_button_clicked,Mon Apr 29 14:06:50 2024,0.0009899139404296875,a.ri
423,load_data,Mon Apr 29 14:06:51 2024,0.001994609832763672,a.ri
424,show_user,Mon Apr 29 14:06:51 2024,0.007974386215209961,a.ri
425,back_to_home_page_button_clicked,Mon Apr 29 14:06:55 2024,0.0009958744049072266,a.ri
426,edit_information_button_clicked,Mon Apr 29 14:06:56 2024,0.0009963512420654297,a.ri
427,back_to_home_page_button_clicked,Mon Apr 29 14:06:58 2024,0.0,a.ri
428,logout_button_clicked,Mon Apr 29 14:06:59 2024,0.0,a.ri
429,singing_button_clicked,Mon Apr 29 14:07:00 2024,0.0009980201721191406,a.ri
430,back_to_login_page_button_clicked,Mon Apr 29 14:07:07 2024,0.0009918212890625,a.ri
431,set_current_user,Mon Apr 29 14:07:13 2024,0.0,a.ri
432,login_button_clicked,Mon Apr 29 14:07:13 2024,0.009974002838134766,a.ri
433,load_data,Mon Apr 29 14:07:14 2024,0.001994609832763672,a.ri
434,show_user,Mon Apr 29 14:07:14 2024,0.008975505828857422,a.ri
435,set_current_user,Mon Apr 29 14:09:42 2024,0.0009987354278564453,a.ri
436,login_button_clicked,Mon Apr 29 14:09:42 2024,0.011964797973632812,a.ri
437,set_current_user_for_profile_frame,Mon Apr 29 14:09:43 2024,0.000997304916381836,a.ri
438,profile_button_clicked,Mon Apr 29 14:09:43 2024,0.006983041763305664,a.ri
439,back_to_home_page_button_clicked,Mon Apr 29 14:09:44 2024,0.0009927749633789062,a.ri
440,edit_information_button_clicked,Mon Apr 29 14:09:46 2024,0.0009953975677490234,a.ri
441,set_current_user,Mon Apr 29 14:50:51 2024,0.0009965896606445312,a.ri
442,login_button_clicked,Mon Apr 29 14:50:51 2024,0.00996851921081543,a.ri
443,load_data,Mon Apr 29 14:50:51 2024,0.0029916763305664062,a.ri
444,show_user,Mon Apr 29 14:50:51 2024,0.008975744247436523,a.ri
445,set_current_user,Mon Apr 29 14:51:18 2024,0.0009975433349609375,a.ri
446,login_button_clicked,Mon Apr 29 14:51:18 2024,0.012958049774169922,a.ri
447,load_data,Mon Apr 29 14:51:19 2024,0.0029916763305664062,a.ri
448,show_user,Mon Apr 29 14:51:19 2024,0.007978439331054688,a.ri
449,set_current_user,Mon Apr 29 14:53:04 2024,0.0009975433349609375,a.ri
450,login_button_clicked,Mon Apr 29 14:53:04 2024,0.01295924186706543,a.ri
451,load_data,Mon Apr 29 14:53:04 2024,0.002992391586303711,a.ri
452,show_user,Mon Apr 29 14:53:04 2024,0.007978200912475586,a.ri
453,set_current_user,Mon Apr 29 14:54:05 2024,0.000997304916381836,a.ri
454,login_button_clicked,Mon Apr 29 14:54:05 2024,0.01296544075012207,a.ri
455,load_data,Mon Apr 29 14:54:05 2024,0.0029938220977783203,a.ri
456,show_user,Mon Apr 29 14:54:05 2024,0.00897526741027832,a.ri
457,set_current_user,Mon Apr 29 15:06:30 2024,0.000997781753540039,a.ri
458,login_button_clicked,Mon Apr 29 15:06:30 2024,0.011964082717895508,a.ri
459,load_data,Mon Apr 29 15:06:30 2024,0.0019943714141845703,a.ri
460,show_user,Mon Apr 29 15:06:30 2024,0.008960723876953125,a.ri
461,set_current_user,Mon Apr 29 15:16:11 2024,0.000989675521850586,a.ri
462,login_button_clicked,Mon Apr 29 15:16:11 2024,0.010684013366699219,a.ri
463,load_data,Mon Apr 29 15:16:11 2024,0.0019953250885009766,a.ri
464,show_user,Mon Apr 29 15:16:11 2024,0.0059833526611328125,a.ri
465,set_current_user,Mon Apr 29 15:17:16 2024,0.0009975433349609375,a.ri
466,login_button_clicked,Mon Apr 29 15:17:16 2024,0.012961864471435547,a.ri
467,load_data,Mon Apr 29 15:17:17 2024,0.002993345260620117,a.ri
468,show_user,Mon Apr 29 15:17:17 2024,0.008977651596069336,a.ri
469,set_current_user,Mon Apr 29 15:21:11 2024,0.0009968280792236328,a.ri
470,login_button_clicked,Mon Apr 29 15:21:11 2024,0.012965679168701172,a.ri
471,load_data,Mon Apr 29 15:21:11 2024,0.003989219665527344,a.ri
472,show_user,Mon Apr 29 15:21:11 2024,0.007979154586791992,a.ri
473,set_current_user,Mon Apr 29 16:18:30 2024,0.000997304916381836,a.ri
474,login_button_clicked,Mon Apr 29 16:18:30 2024,0.01296234130859375,a.ri
475,load_data,Mon Apr 29 16:18:31 2024,0.0029935836791992188,a.ri
476,show_user,Mon Apr 29 16:18:31 2024,0.009966373443603516,a.ri
477,set_current_user,Mon Apr 29 16:20:25 2024,0.0,a.ri
478,login_button_clicked,Mon Apr 29 16:20:25 2024,0.011967897415161133,a.ri
479,load_data,Mon Apr 29 16:20:26 2024,0.00299072265625,a.ri
480,show_user,Mon Apr 29 16:20:26 2024,0.008971929550170898,a.ri
481,set_current_user,Mon Apr 29 16:23:42 2024,0.0019941329956054688,a.ri
482,login_button_clicked,Mon Apr 29 16:23:42 2024,0.01495981216430664,a.ri
483,load_data,Mon Apr 29 16:23:43 2024,0.005984783172607422,a.ri
484,show_user,Mon Apr 29 16:23:43 2024,0.010969877243041992,a.ri
485,set_current_user,Mon Apr 29 16:24:35 2024,0.0009970664978027344,a.ri
486,login_button_clicked,Mon Apr 29 16:24:35 2024,0.013962507247924805,a.ri
487,load_data,Mon Apr 29 16:24:36 2024,0.003989458084106445,a.ri
488,show_user,Mon Apr 29 16:24:36 2024,0.00997304916381836,a.ri
489,set_current_user,Mon Apr 29 16:30:05 2024,0.0,a.ri
490,login_button_clicked,Mon Apr 29 16:30:05 2024,0.010970830917358398,a.ri
491,load_data,Mon Apr 29 16:30:06 2024,0.0029921531677246094,a.ri
492,show_user,Mon Apr 29 16:30:06 2024,0.008975982666015625,a.ri
493,set_current_user,Mon Apr 29 16:55:19 2024,0.0009961128234863281,a.ri
494,login_button_clicked,Mon Apr 29 16:55:19 2024,0.012967824935913086,a.ri
495,load_data,Mon Apr 29 16:55:20 2024,0.0029921531677246094,a.ri
496,show_user,Mon Apr 29 16:55:20 2024,0.006968498229980469,a.ri
497,set_current_user,Mon Apr 29 17:05:33 2024,0.0009989738464355469,a.ri
498,login_button_clicked,Mon Apr 29 17:05:33 2024,0.010971546173095703,a.ri
499,load_data,Mon Apr 29 17:05:33 2024,0.002992391586303711,a.ri
500,show_user,Mon Apr 29 17:05:33 2024,0.00897216796875,a.ri
501,set_current_user,Mon Apr 29 17:15:42 2024,0.000997304916381836,a.ri
502,login_button_clicked,Mon Apr 29 17:15:42 2024,0.012965679168701172,a.ri
503,load_data,Mon Apr 29 17:15:43 2024,0.0029921531677246094,a.ri
504,show_user,Mon Apr 29 17:15:43 2024,0.00898122787475586,a.ri
505,set_current_user,Mon Apr 29 17:17:42 2024,0.0009975433349609375,a.ri
506,login_button_clicked,Mon Apr 29 17:17:42 2024,0.013064384460449219,a.ri
507,load_data,Mon Apr 29 17:17:43 2024,0.0029926300048828125,a.ri
508,show_user,Mon Apr 29 17:17:43 2024,0.008994817733764648,a.ri
509,set_current_user,Mon Apr 29 17:18:35 2024,0.0009970664978027344,a.ri
510,login_button_clicked,Mon Apr 29 17:18:35 2024,0.010970115661621094,a.ri
511,load_data,Mon Apr 29 17:18:35 2024,0.002991199493408203,a.ri
512,show_user,Mon Apr 29 17:18:35 2024,0.008976459503173828,a.ri
513,set_current_user,Mon Apr 29 17:19:06 2024,0.0009970664978027344,a.ri
514,login_button_clicked,Mon Apr 29 17:19:06 2024,0.011968851089477539,a.ri
515,load_data,Mon Apr 29 17:19:07 2024,0.0029914379119873047,a.ri
516,show_user,Mon Apr 29 17:19:07 2024,0.008979558944702148,a.ri
517,set_current_user,Mon Apr 29 17:22:49 2024,0.0,a.ri
518,login_button_clicked,Mon Apr 29 17:22:49 2024,0.011968374252319336,a.ri
519,load_data,Mon Apr 29 17:22:50 2024,0.0019948482513427734,a.ri
520,show_user,Mon Apr 29 17:22:50 2024,0.008976459503173828,a.ri
521,set_current_user,Mon Apr 29 17:23:08 2024,0.000997304916381836,a.ri
522,login_button_clicked,Mon Apr 29 17:23:08 2024,0.011964797973632812,a.ri
523,load_data,Mon Apr 29 17:23:09 2024,0.0029914379119873047,a.ri
524,show_user,Mon Apr 29 17:23:08 2024,0.008978843688964844,a.ri
525,set_current_user,Mon Apr 29 17:23:22 2024,0.0009987354278564453,a.ri
526,login_button_clicked,Mon Apr 29 17:23:22 2024,0.01396632194519043,a.ri
527,load_data,Mon Apr 29 17:23:22 2024,0.0037431716918945312,a.ri
528,show_user,Mon Apr 29 17:23:22 2024,0.008730411529541016,a.ri
529,set_current_user,Mon Apr 29 17:25:49 2024,0.0009975433349609375,a.ri
530,login_button_clicked,Mon Apr 29 17:25:49 2024,0.011921167373657227,a.ri
531,load_data,Mon Apr 29 17:25:50 2024,0.0039899349212646484,a.ri
532,show_user,Mon Apr 29 17:25:50 2024,0.006981611251831055,a.ri
533,set_current_user,Mon Apr 29 17:27:30 2024,0.0009961128234863281,a.ri
534,login_button_clicked,Mon Apr 29 17:27:30 2024,0.012964010238647461,a.ri
535,load_data,Mon Apr 29 17:27:31 2024,0.002994060516357422,a.ri
536,show_user,Mon Apr 29 17:27:31 2024,0.008977174758911133,a.ri
537,set_current_user,Mon Apr 29 17:28:27 2024,0.0,a.ri
538,login_button_clicked,Mon Apr 29 17:28:27 2024,0.012965917587280273,a.ri
539,load_data,Mon Apr 29 17:28:27 2024,0.002992391586303711,a.ri
540,show_user,Mon Apr 29 17:28:27 2024,0.008970499038696289,a.ri
541,set_current_user,Mon Apr 29 17:29:27 2024,0.000997304916381836,a.ri
542,login_button_clicked,Mon Apr 29 17:29:27 2024,0.011950016021728516,a.ri
543,load_data,Mon Apr 29 17:29:28 2024,0.0029916763305664062,a.ri
544,show_user,Mon Apr 29 17:29:28 2024,0.007983207702636719,a.ri
545,set_current_user,Mon Apr 29 17:31:10 2024,0.0,a.ri
546,login_button_clicked,Mon Apr 29 17:31:10 2024,0.011949777603149414,a.ri
547,load_data,Mon Apr 29 17:31:11 2024,0.0029914379119873047,a.ri
548,show_user,Mon Apr 29 17:31:11 2024,0.009968996047973633,a.ri
549,set_current_user,Mon Apr 29 17:33:00 2024,0.0,a.ri
550,login_button_clicked,Mon Apr 29 17:33:00 2024,0.012526273727416992,a.ri
551,load_data,Mon Apr 29 17:33:01 2024,0.002992391586303711,a.ri
552,show_user,Mon Apr 29 17:33:01 2024,0.008990287780761719,a.ri
553,set_current_user,Mon Apr 29 18:04:16 2024,0.0,a.ri
554,login_button_clicked,Mon Apr 29 18:04:16 2024,0.010971307754516602,a.ri
555,load_data,Mon Apr 29 18:04:16 2024,0.0029914379119873047,a.ri
556,show_user,Mon Apr 29 18:04:16 2024,0.007989168167114258,a.ri
557,set_current_user,Mon Apr 29 18:07:28 2024,0.001995086669921875,a.ri
558,login_button_clicked,Mon Apr 29 18:07:28 2024,0.014960765838623047,a.ri
559,load_data,Mon Apr 29 18:07:28 2024,0.0029921531677246094,a.ri
560,show_user,Mon Apr 29 18:07:28 2024,0.009973764419555664,a.ri
561,set_current_user,Mon Apr 29 18:28:20 2024,0.0,a.ri
562,login_button_clicked,Mon Apr 29 18:28:20 2024,0.013962507247924805,a.ri
563,load_data,Mon Apr 29 18:28:21 2024,0.004987478256225586,a.ri
564,show_user,Mon Apr 29 18:28:21 2024,0.009973764419555664,a.ri
565,set_current_user,Mon Apr 29 18:29:18 2024,0.0009961128234863281,a.ri
566,login_button_clicked,Mon Apr 29 18:29:18 2024,0.011966705322265625,a.ri
567,load_data,Mon Apr 29 18:29:18 2024,0.0029916763305664062,a.ri
568,show_user,Mon Apr 29 18:29:18 2024,0.00897669792175293,a.ri
569,set_current_user,Mon Apr 29 18:29:46 2024,0.0009970664978027344,a.ri
570,login_button_clicked,Mon Apr 29 18:29:46 2024,0.009975671768188477,a.ri
571,load_data,Mon Apr 29 18:29:46 2024,0.0029909610748291016,a.ri
572,show_user,Mon Apr 29 18:29:46 2024,0.008977890014648438,a.ri
573,set_current_user,Mon Apr 29 18:31:48 2024,0.0009968280792236328,a.ri
574,login_button_clicked,Mon Apr 29 18:31:48 2024,0.01196742057800293,a.ri
575,load_data,Mon Apr 29 18:31:48 2024,0.0039904117584228516,a.ri
576,show_user,Mon Apr 29 18:31:48 2024,0.00897526741027832,a.ri
577,set_current_user,Mon Apr 29 18:38:27 2024,0.0,a.ri
578,login_button_clicked,Mon Apr 29 18:38:27 2024,0.01196908950805664,a.ri
579,load_data,Mon Apr 29 18:38:27 2024,0.0029909610748291016,a.ri
580,show_user,Mon Apr 29 18:38:27 2024,0.008976459503173828,a.ri
581,set_current_user,Mon Apr 29 18:42:01 2024,0.0,a.ri
582,login_button_clicked,Mon Apr 29 18:42:01 2024,0.012965917587280273,a.ri
583,load_data,Mon Apr 29 18:42:02 2024,0.0029916763305664062,a.ri
584,show_user,Mon Apr 29 18:42:02 2024,0.007994890213012695,a.ri
585,set_current_user,Mon Apr 29 18:42:25 2024,0.0009963512420654297,a.ri
586,login_button_clicked,Mon Apr 29 18:42:25 2024,0.01295614242553711,a.ri
587,load_data,Mon Apr 29 18:42:25 2024,0.002991199493408203,a.ri
588,show_user,Mon Apr 29 18:42:25 2024,0.00897526741027832,a.ri
589,set_current_user,Mon Apr 29 18:42:56 2024,0.0009975433349609375,a.ri
590,login_button_clicked,Mon Apr 29 18:42:56 2024,0.011968135833740234,a.ri
591,load_data,Mon Apr 29 18:42:56 2024,0.002991914749145508,a.ri
592,show_user,Mon Apr 29 18:42:56 2024,0.008974790573120117,a.ri
593,set_current_user,Mon Apr 29 18:43:24 2024,0.0009975433349609375,a.ri
594,login_button_clicked,Mon Apr 29 18:43:24 2024,0.013963460922241211,a.ri
595,load_data,Mon Apr 29 18:43:24 2024,0.002991914749145508,a.ri
596,show_user,Mon Apr 29 18:43:24 2024,0.007978439331054688,a.ri
597,set_current_user,Mon Apr 29 18:43:58 2024,0.0,a.ri
598,login_button_clicked,Mon Apr 29 18:43:58 2024,0.01296544075012207,a.ri
599,load_data,Mon Apr 29 18:43:59 2024,0.0029942989349365234,a.ri
600,show_user,Mon Apr 29 18:43:59 2024,0.00897669792175293,a.ri
601,set_current_user,Mon Apr 29 18:44:55 2024,0.0009975433349609375,a.ri
602,login_button_clicked,Mon Apr 29 18:44:55 2024,0.011962413787841797,a.ri
603,load_data,Mon Apr 29 18:44:55 2024,0.0019953250885009766,a.ri
604,show_user,Mon Apr 29 18:44:55 2024,0.007979154586791992,a.ri
605,set_current_user,Mon Apr 29 18:45:25 2024,0.001996755599975586,a.ri
606,login_button_clicked,Mon Apr 29 18:45:25 2024,0.011967658996582031,a.ri
607,load_data,Mon Apr 29 18:45:25 2024,0.0029921531677246094,a.ri
608,show_user,Mon Apr 29 18:45:25 2024,0.009973526000976562,a.ri
609,set_current_user,Mon Apr 29 18:46:44 2024,0.0,a.ri
610,login_button_clicked,Mon Apr 29 18:46:44 2024,0.01296234130859375,a.ri
611,load_data,Mon Apr 29 18:46:45 2024,0.00399017333984375,a.ri
612,show_user,Mon Apr 29 18:46:45 2024,0.010973453521728516,a.ri
613,set_current_user,Mon Apr 29 18:47:15 2024,0.000997304916381836,a.ri
614,login_button_clicked,Mon Apr 29 18:47:15 2024,0.012964248657226562,a.ri
615,load_data,Mon Apr 29 18:47:16 2024,0.0039882659912109375,a.ri
616,show_user,Mon Apr 29 18:47:16 2024,0.008975028991699219,a.ri
617,set_current_user,Mon Apr 29 18:47:43 2024,0.000997304916381836,a.ri
618,login_button_clicked,Mon Apr 29 18:47:43 2024,0.012965917587280273,a.ri
619,load_data,Mon Apr 29 18:47:44 2024,0.002991199493408203,a.ri
620,show_user,Mon Apr 29 18:47:44 2024,0.008966922760009766,a.ri
621,set_current_user,Mon Apr 29 18:56:45 2024,0.000997304916381836,a.ri
622,login_button_clicked,Mon Apr 29 18:56:45 2024,0.012965679168701172,a.ri
623,load_data,Mon Apr 29 18:56:45 2024,0.0029909610748291016,a.ri
624,show_user,Mon Apr 29 18:56:45 2024,0.00800013542175293,a.ri
625,set_current_user,Mon Apr 29 18:57:47 2024,0.000997781753540039,a.ri
626,login_button_clicked,Mon Apr 29 18:57:47 2024,0.011967897415161133,a.ri
627,load_data,Mon Apr 29 18:57:48 2024,0.002974987030029297,a.ri
628,show_user,Mon Apr 29 18:57:48 2024,0.0069637298583984375,a.ri
629,set_current_user,Mon Apr 29 18:58:37 2024,0.0009975433349609375,a.ri
630,login_button_clicked,Mon Apr 29 18:58:37 2024,0.011968851089477539,a.ri
631,load_data,Mon Apr 29 18:58:37 2024,0.002965688705444336,a.ri
632,show_user,Mon Apr 29 18:58:37 2024,0.007952690124511719,a.ri
633,set_current_user,Mon Apr 29 18:58:55 2024,0.000997781753540039,a.ri
634,login_button_clicked,Mon Apr 29 18:58:55 2024,0.011966943740844727,a.ri
635,load_data,Mon Apr 29 18:58:55 2024,0.002990245819091797,a.ri
636,show_user,Mon Apr 29 18:58:55 2024,0.00797724723815918,a.ri
637,set_current_user,Mon Apr 29 19:01:17 2024,0.000997304916381836,a.ri
638,login_button_clicked,Mon Apr 29 19:01:17 2024,0.009973526000976562,a.ri
639,load_data,Mon Apr 29 19:01:17 2024,0.0029914379119873047,a.ri
640,show_user,Mon Apr 29 19:01:17 2024,0.008975028991699219,a.ri
641,set_current_user,Mon Apr 29 19:01:43 2024,0.000997304916381836,a.ri
642,login_button_clicked,Mon Apr 29 19:01:43 2024,0.01196742057800293,a.ri
643,load_data,Mon Apr 29 19:01:44 2024,0.0029916763305664062,a.ri
644,show_user,Mon Apr 29 19:01:44 2024,0.008975028991699219,a.ri
645,set_current_user,Mon Apr 29 19:02:24 2024,0.0009975433349609375,a.ri
646,login_button_clicked,Mon Apr 29 19:02:24 2024,0.012948036193847656,a.ri
647,load_data,Mon Apr 29 19:02:24 2024,0.0029921531677246094,a.ri
648,show_user,Mon Apr 29 19:02:24 2024,0.007977962493896484,a.ri
649,set_current_user,Mon Apr 29 19:02:48 2024,0.0009970664978027344,a.ri
650,login_button_clicked,Mon Apr 29 19:02:48 2024,0.01196742057800293,a.ri
651,load_data,Mon Apr 29 19:02:49 2024,0.0020012855529785156,a.ri
652,show_user,Mon Apr 29 19:02:49 2024,0.00898599624633789,a.ri
653,set_current_user,Mon Apr 29 19:03:25 2024,0.0009982585906982422,a.ri
654,login_button_clicked,Mon Apr 29 19:03:25 2024,0.014962196350097656,a.ri
655,load_data,Mon Apr 29 19:03:26 2024,0.003989219665527344,a.ri
656,show_user,Mon Apr 29 19:03:26 2024,0.009973287582397461,a.ri
657,set_current_user,Mon Apr 29 19:04:04 2024,0.0009980201721191406,a.ri
658,login_button_clicked,Mon Apr 29 19:04:04 2024,0.012964725494384766,a.ri
659,load_data,Mon Apr 29 19:04:05 2024,0.0029916763305664062,a.ri
660,show_user,Mon Apr 29 19:04:05 2024,0.006986856460571289,a.ri
661,set_current_user,Mon Apr 29 19:04:35 2024,0.000997781753540039,a.ri
662,login_button_clicked,Mon Apr 29 19:04:35 2024,0.012965202331542969,a.ri
663,load_data,Mon Apr 29 19:04:36 2024,0.002986907958984375,a.ri
664,show_user,Mon Apr 29 19:04:36 2024,0.008975982666015625,a.ri
665,set_current_user,Mon Apr 29 19:05:05 2024,0.0,a.ri
666,login_button_clicked,Mon Apr 29 19:05:05 2024,0.011984109878540039,a.ri
667,load_data,Mon Apr 29 19:05:05 2024,0.0029768943786621094,a.ri
668,show_user,Mon Apr 29 19:05:05 2024,0.007968902587890625,a.ri
669,set_current_user,Mon Apr 29 19:05:30 2024,0.000997781753540039,a.ri
670,login_button_clicked,Mon Apr 29 19:05:30 2024,0.012958526611328125,a.ri
671,load_data,Mon Apr 29 19:05:31 2024,0.0029921531677246094,a.ri
672,show_user,Mon Apr 29 19:05:31 2024,0.008976459503173828,a.ri
673,set_current_user,Mon Apr 29 19:06:02 2024,0.0009765625,a.ri
674,login_button_clicked,Mon Apr 29 19:06:02 2024,0.012957334518432617,a.ri
675,load_data,Mon Apr 29 19:06:02 2024,0.0029921531677246094,a.ri
676,show_user,Mon Apr 29 19:06:02 2024,0.008996009826660156,a.ri
677,set_current_user,Mon Apr 29 19:06:24 2024,0.0009975433349609375,a.ri
678,login_button_clicked,Mon Apr 29 19:06:24 2024,0.01396322250366211,a.ri
679,load_data,Mon Apr 29 19:06:24 2024,0.003976106643676758,a.ri
680,show_user,Mon Apr 29 19:06:24 2024,0.009958744049072266,a.ri
681,set_current_user,Mon Apr 29 19:06:53 2024,0.0009970664978027344,a.ri
682,login_button_clicked,Mon Apr 29 19:06:53 2024,0.011969804763793945,a.ri
683,load_data,Mon Apr 29 19:06:56 2024,0.002983570098876953,a.ri
684,show_user,Mon Apr 29 19:06:56 2024,0.007970094680786133,a.ri
685,set_current_user,Mon Apr 29 19:07:26 2024,0.002059459686279297,a.ri
686,login_button_clicked,Mon Apr 29 19:07:26 2024,0.012953519821166992,a.ri
687,load_data,Mon Apr 29 19:07:27 2024,0.002991914749145508,a.ri
688,show_user,Mon Apr 29 19:07:27 2024,0.008928298950195312,a.ri
689,set_current_user,Mon Apr 29 19:07:50 2024,0.0009984970092773438,a.ri
690,login_button_clicked,Mon Apr 29 19:07:50 2024,0.010968446731567383,a.ri
691,load_data,Mon Apr 29 19:07:51 2024,0.002987384796142578,a.ri
692,show_user,Mon Apr 29 19:07:51 2024,0.005995988845825195,a.ri
693,set_current_user,Mon Apr 29 19:09:00 2024,0.0,a.ri
694,login_button_clicked,Mon Apr 29 19:09:00 2024,0.01296544075012207,a.ri
695,load_data,Mon Apr 29 19:09:01 2024,0.0029926300048828125,a.ri
696,show_user,Mon Apr 29 19:09:01 2024,0.005984067916870117,a.ri
697,set_current_user,Mon Apr 29 19:09:28 2024,0.0009975433349609375,a.ri
698,login_button_clicked,Mon Apr 29 19:09:28 2024,0.012965679168701172,a.ri
699,load_data,Mon Apr 29 19:09:29 2024,0.007977962493896484,a.ri
700,show_user,Mon Apr 29 19:09:29 2024,0.015957355499267578,a.ri
701,set_current_user,Mon Apr 29 19:09:48 2024,0.0009980201721191406,a.ri
702,login_button_clicked,Mon Apr 29 19:09:48 2024,0.0119781494140625,a.ri
703,load_data,Mon Apr 29 19:09:48 2024,0.002990245819091797,a.ri
704,show_user,Mon Apr 29 19:09:48 2024,0.006979942321777344,a.ri
705,set_current_user,Mon Apr 29 19:10:12 2024,0.000997304916381836,a.ri
706,login_button_clicked,Mon Apr 29 19:10:12 2024,0.012946605682373047,a.ri
707,load_data,Mon Apr 29 19:10:12 2024,0.0019948482513427734,a.ri
708,show_user,Mon Apr 29 19:10:12 2024,0.00796651840209961,a.ri
709,set_current_user,Mon Apr 29 19:12:36 2024,0.0009970664978027344,a.ri
710,login_button_clicked,Mon Apr 29 19:12:36 2024,0.011967658996582031,a.ri
711,load_data,Mon Apr 29 19:12:37 2024,0.0029916763305664062,a.ri
712,show_user,Mon Apr 29 19:12:37 2024,0.006987333297729492,a.ri
713,set_current_user,Mon Apr 29 19:13:11 2024,0.0009989738464355469,a.ri
714,login_button_clicked,Mon Apr 29 19:13:11 2024,0.012964487075805664,a.ri
715,load_data,Mon Apr 29 19:13:12 2024,0.002991914749145508,a.ri
716,show_user,Mon Apr 29 19:13:12 2024,0.007977724075317383,a.ri
717,set_current_user,Mon Apr 29 19:13:52 2024,0.0009992122650146484,a.ri
718,login_button_clicked,Mon Apr 29 19:13:52 2024,0.011953353881835938,a.ri
719,load_data,Mon Apr 29 19:13:52 2024,0.002991914749145508,a.ri
720,show_user,Mon Apr 29 19:13:52 2024,0.009967327117919922,a.ri
721,set_current_user,Mon Apr 29 19:14:43 2024,0.0,a.ri
722,login_button_clicked,Mon Apr 29 19:14:43 2024,0.012958765029907227,a.ri
723,load_data,Mon Apr 29 19:14:43 2024,0.002992868423461914,a.ri
724,show_user,Mon Apr 29 19:14:43 2024,0.008001089096069336,a.ri
725,set_current_user,Mon Apr 29 19:15:11 2024,0.0009982585906982422,a.ri
726,login_button_clicked,Mon Apr 29 19:15:11 2024,0.019933462142944336,a.ri
727,load_data,Mon Apr 29 19:15:12 2024,0.002994060516357422,a.ri
728,show_user,Mon Apr 29 19:15:12 2024,0.008977651596069336,a.ri
729,set_current_user,Mon Apr 29 19:15:28 2024,0.0009992122650146484,a.ri
730,login_button_clicked,Mon Apr 29 19:15:28 2024,0.025956392288208008,a.ri
731,load_data,Mon Apr 29 19:15:28 2024,0.002992391586303711,a.ri
732,show_user,Mon Apr 29 19:15:28 2024,0.028943538665771484,a.ri
733,set_current_user,Mon Apr 29 19:15:46 2024,0.0,a.ri
734,login_button_clicked,Mon Apr 29 19:15:46 2024,0.048891544342041016,a.ri
735,load_data,Mon Apr 29 19:15:46 2024,0.002991199493408203,a.ri
736,show_user,Mon Apr 29 19:15:46 2024,0.04192829132080078,a.ri
737,set_current_user,Mon Apr 29 19:16:04 2024,0.0009984970092773438,a.ri
738,login_button_clicked,Mon Apr 29 19:16:04 2024,0.011988401412963867,a.ri
739,load_data,Mon Apr 29 19:16:04 2024,0.0029916763305664062,a.ri
740,show_user,Mon Apr 29 19:16:04 2024,0.008976221084594727,a.ri
741,set_current_user,Mon Apr 29 19:16:19 2024,0.0009975433349609375,a.ri
742,login_button_clicked,Mon Apr 29 19:16:19 2024,0.012967109680175781,a.ri
743,load_data,Mon Apr 29 19:16:20 2024,0.0029921531677246094,a.ri
744,show_user,Mon Apr 29 19:16:20 2024,0.008979320526123047,a.ri
745,set_current_user,Mon Apr 29 19:18:15 2024,0.0,a.ri
746,login_button_clicked,Mon Apr 29 19:18:15 2024,0.012967348098754883,a.ri
747,load_data,Mon Apr 29 19:18:16 2024,0.0029921531677246094,a.ri
748,show_user,Mon Apr 29 19:18:16 2024,0.007977962493896484,a.ri
749,set_current_user,Mon Apr 29 19:21:19 2024,0.0009963512420654297,a.ri
750,login_button_clicked,Mon Apr 29 19:21:19 2024,0.011967658996582031,a.ri
751,load_data,Mon Apr 29 19:21:20 2024,0.002991914749145508,a.ri
752,show_user,Mon Apr 29 19:21:20 2024,0.007978439331054688,a.ri
753,set_current_user,Mon Apr 29 19:21:52 2024,0.0009965896606445312,a.ri
754,login_button_clicked,Mon Apr 29 19:21:52 2024,0.009972572326660156,a.ri
755,load_data,Mon Apr 29 19:21:53 2024,0.002992391586303711,a.ri
756,show_user,Mon Apr 29 19:21:53 2024,0.008975028991699219,a.ri
757,set_current_user,Mon Apr 29 19:29:59 2024,0.0010380744934082031,a.ri
758,login_button_clicked,Mon Apr 29 19:29:59 2024,0.011966466903686523,a.ri
759,load_data,Mon Apr 29 19:30:00 2024,0.0029916763305664062,a.ri
760,show_user,Mon Apr 29 19:30:00 2024,0.008975982666015625,a.ri
761,set_current_user,Mon Apr 29 20:09:15 2024,0.0009965896606445312,a.ri
762,login_button_clicked,Mon Apr 29 20:09:15 2024,0.011967897415161133,a.ri
763,load_data,Mon Apr 29 20:09:15 2024,0.0029931068420410156,a.ri
764,show_user,Mon Apr 29 20:09:15 2024,0.00797891616821289,a.ri
765,set_current_user,Tue Apr 30 10:52:12 2024,0.000997304916381836,a.ri
766,login_button_clicked,Tue Apr 30 10:52:12 2024,0.02493906021118164,a.ri
767,load_data,Tue Apr 30 10:52:13 2024,0.002979755401611328,a.ri
768,show_user,Tue Apr 30 10:52:13 2024,0.007967233657836914,a.ri
769,set_current_user,Tue Apr 30 10:53:13 2024,0.000997781753540039,a.ri
770,login_button_clicked,Tue Apr 30 10:53:13 2024,0.011956930160522461,a.ri
771,load_data,Tue Apr 30 10:53:14 2024,0.0029921531677246094,a.ri
772,show_user,Tue Apr 30 10:53:14 2024,0.0069811344146728516,a.ri
773,set_current_user,Tue Apr 30 10:55:31 2024,0.0009965896606445312,a.ri
774,login_button_clicked,Tue Apr 30 10:55:31 2024,0.011967897415161133,a.ri
775,load_data,Tue Apr 30 10:55:32 2024,0.0029904842376708984,a.ri
776,show_user,Tue Apr 30 10:55:32 2024,0.008195638656616211,a.ri
777,set_current_user,Tue Apr 30 10:56:19 2024,0.0009968280792236328,a.ri
778,login_button_clicked,Tue Apr 30 10:56:19 2024,0.011967897415161133,a.ri
779,load_data,Tue Apr 30 10:56:20 2024,0.001994609832763672,a.ri
780,show_user,Tue Apr 30 10:56:20 2024,0.008968591690063477,a.ri
781,set_current_user,Tue Apr 30 10:57:10 2024,0.0,a.ri
782,login_button_clicked,Tue Apr 30 10:57:10 2024,0.014960050582885742,a.ri
783,load_data,Tue Apr 30 10:57:10 2024,0.002985715866088867,a.ri
784,show_user,Tue Apr 30 10:57:10 2024,0.007971525192260742,a.ri
785,set_current_user,Tue Apr 30 10:59:03 2024,0.0009980201721191406,a.ri
786,login_button_clicked,Tue Apr 30 10:59:03 2024,0.010970592498779297,a.ri
787,load_data,Tue Apr 30 10:59:04 2024,0.0019948482513427734,a.ri
788,show_user,Tue Apr 30 10:59:04 2024,0.007977962493896484,a.ri
789,set_current_user,Tue Apr 30 11:00:17 2024,0.0009980201721191406,a.ri
790,login_button_clicked,Tue Apr 30 11:00:17 2024,0.012963294982910156,a.ri
791,load_data,Tue Apr 30 11:00:18 2024,0.0029926300048828125,a.ri
792,show_user,Tue Apr 30 11:00:18 2024,0.008977651596069336,a.ri
793,set_current_user,Tue Apr 30 11:03:02 2024,0.0009982585906982422,a.ri
794,login_button_clicked,Tue Apr 30 11:03:02 2024,0.012001276016235352,a.ri
795,load_data,Tue Apr 30 11:03:02 2024,0.001994609832763672,a.ri
796,show_user,Tue Apr 30 11:03:02 2024,0.008976936340332031,a.ri
797,set_current_user,Tue Apr 30 11:04:37 2024,0.000997781753540039,a.ri
798,login_button_clicked,Tue Apr 30 11:04:37 2024,0.011964082717895508,a.ri
799,load_data,Tue Apr 30 11:04:38 2024,0.0019948482513427734,a.ri
800,show_user,Tue Apr 30 11:04:38 2024,0.005986690521240234,a.ri
801,set_current_user,Tue Apr 30 11:05:29 2024,0.0009984970092773438,a.ri
802,login_button_clicked,Tue Apr 30 11:05:29 2024,0.012963533401489258,a.ri
803,load_data,Tue Apr 30 11:05:30 2024,0.002991199493408203,a.ri
804,show_user,Tue Apr 30 11:05:30 2024,0.007977724075317383,a.ri
805,set_current_user,Tue Apr 30 11:07:26 2024,0.0009975433349609375,a.ri
806,login_button_clicked,Tue Apr 30 11:07:26 2024,0.009972810745239258,a.ri
807,load_data,Tue Apr 30 11:07:26 2024,0.002971649169921875,a.ri
808,show_user,Tue Apr 30 11:07:26 2024,0.007958173751831055,a.ri
809,set_current_user,Tue Apr 30 11:08:00 2024,0.000997781753540039,a.ri
810,login_button_clicked,Tue Apr 30 11:08:00 2024,0.010970830917358398,a.ri
811,load_data,Tue Apr 30 11:08:00 2024,0.0019953250885009766,a.ri
812,show_user,Tue Apr 30 11:08:00 2024,0.005988359451293945,a.ri
813,set_current_user,Tue Apr 30 11:09:31 2024,0.0009970664978027344,a.ri
814,login_button_clicked,Tue Apr 30 11:09:31 2024,0.011966705322265625,a.ri
815,load_data,Tue Apr 30 11:09:32 2024,0.001994609832763672,a.ri
816,show_user,Tue Apr 30 11:09:32 2024,0.008954286575317383,a.ri
817,set_current_user,Tue Apr 30 11:10:32 2024,0.000997781753540039,a.ri
818,login_button_clicked,Tue Apr 30 11:10:32 2024,0.010969400405883789,a.ri
819,load_data,Tue Apr 30 11:10:33 2024,0.001995086669921875,a.ri
820,show_user,Tue Apr 30 11:10:33 2024,0.007982969284057617,a.ri
821,set_current_user,Tue Apr 30 11:10:45 2024,0.0009982585906982422,a.ri
822,login_button_clicked,Tue Apr 30 11:10:45 2024,0.011990785598754883,a.ri
823,load_data,Tue Apr 30 11:10:46 2024,0.002988576889038086,a.ri
824,show_user,Tue Apr 30 11:10:46 2024,0.005980730056762695,a.ri
825,set_current_user,Tue Apr 30 11:11:36 2024,0.0,a.ri
826,login_button_clicked,Tue Apr 30 11:11:36 2024,0.012969017028808594,a.ri
827,load_data,Tue Apr 30 11:11:38 2024,0.0019943714141845703,a.ri
828,show_user,Tue Apr 30 11:11:38 2024,0.008002519607543945,a.ri
829,set_current_user,Tue Apr 30 11:12:23 2024,0.0009961128234863281,a.ri
830,login_button_clicked,Tue Apr 30 11:12:23 2024,0.01299738883972168,a.ri
831,load_data,Tue Apr 30 11:12:24 2024,0.002992868423461914,a.ri
832,show_user,Tue Apr 30 11:12:24 2024,0.007989168167114258,a.ri
833,set_current_user,Tue Apr 30 11:16:14 2024,0.0009965896606445312,a.ri
834,login_button_clicked,Tue Apr 30 11:16:14 2024,0.011029958724975586,a.ri
835,load_data,Tue Apr 30 11:16:15 2024,0.0019943714141845703,a.ri
836,show_user,Tue Apr 30 11:16:15 2024,0.00797891616821289,a.ri
837,set_current_user,Tue Apr 30 11:16:40 2024,0.000997304916381836,a.ri
838,login_button_clicked,Tue Apr 30 11:16:40 2024,0.013962030410766602,a.ri
839,load_data,Tue Apr 30 11:16:40 2024,0.0019943714141845703,a.ri
840,show_user,Tue Apr 30 11:16:40 2024,0.008974790573120117,a.ri
841,set_current_user,Tue Apr 30 11:17:07 2024,0.0009987354278564453,a.ri
842,login_button_clicked,Tue Apr 30 11:17:07 2024,0.012957572937011719,a.ri
843,load_data,Tue Apr 30 11:17:07 2024,0.0029752254486083984,a.ri
844,show_user,Tue Apr 30 11:17:07 2024,0.007961750030517578,a.ri
845,set_current_user,Tue Apr 30 11:17:52 2024,0.000997781753540039,a.ri
846,login_button_clicked,Tue Apr 30 11:17:52 2024,0.010969877243041992,a.ri
847,log_button_clicked,Tue Apr 30 11:17:54 2024,0.010030984878540039,a.ri
848,back_to_home_page_button_clicked,Tue Apr 30 11:18:11 2024,0.0009968280792236328,a.ri
849,set_current_user_for_profile_frame,Tue Apr 30 11:18:14 2024,0.0009982585906982422,a.ri
850,profile_button_clicked,Tue Apr 30 11:18:14 2024,0.006979465484619141,a.ri
851,back_to_home_page_button_clicked,Tue Apr 30 11:18:22 2024,0.0,a.ri
852,edit_information_button_clicked,Tue Apr 30 11:18:23 2024,0.0009961128234863281,a.ri
853,back_to_home_page_button_clicked,Tue Apr 30 11:18:39 2024,0.0,a.ri
854,load_data,Tue Apr 30 11:18:41 2024,0.002991199493408203,a.ri
855,show_user,Tue Apr 30 11:18:41 2024,0.00801539421081543,a.ri
856,set_current_user,Tue Apr 30 11:22:29 2024,0.000997781753540039,a.ri
857,login_button_clicked,Tue Apr 30 11:22:29 2024,0.011972188949584961,a.ri
858,load_data,Tue Apr 30 11:22:30 2024,0.0029916763305664062,a.ri
859,show_user,Tue Apr 30 11:22:30 2024,0.008980751037597656,a.ri
860,load_data,Tue Apr 30 11:22:44 2024,0.0019948482513427734,a.ri
861,sort_button_clicked,Tue Apr 30 11:22:44 2024,0.006981611251831055,a.ri
862,load_data,Tue Apr 30 11:23:00 2024,0.0019943714141845703,a.ri
863,sort_button_clicked,Tue Apr 30 11:23:00 2024,0.00498652458190918,a.ri
864,set_current_user,Tue Apr 30 11:24:09 2024,0.0019943714141845703,a.ri
865,login_button_clicked,Tue Apr 30 11:24:09 2024,0.013944149017333984,a.ri
866,load_data,Tue Apr 30 11:24:10 2024,0.003991365432739258,a.ri
867,show_user,Tue Apr 30 11:24:10 2024,0.008999109268188477,a.ri
868,load_data,Tue Apr 30 11:24:16 2024,0.001995086669921875,a.ri
869,sort_button_clicked,Tue Apr 30 11:24:16 2024,0.006981372833251953,a.ri
870,set_current_user,Tue Apr 30 11:25:28 2024,0.0009975433349609375,a.ri
871,login_button_clicked,Tue Apr 30 11:25:28 2024,0.012964248657226562,a.ri
872,load_data,Tue Apr 30 11:25:28 2024,0.002991914749145508,a.ri
873,show_user,Tue Apr 30 11:25:28 2024,0.009965658187866211,a.ri
874,set_current_user,Tue Apr 30 11:26:25 2024,0.0009970664978027344,a.ri
875,login_button_clicked,Tue Apr 30 11:26:25 2024,0.013967275619506836,a.ri
876,load_data,Tue Apr 30 11:26:25 2024,0.003990888595581055,a.ri
877,show_user,Tue Apr 30 11:26:25 2024,0.009004831314086914,a.ri
878,set_current_user,Tue Apr 30 11:26:44 2024,0.001995086669921875,a.ri
879,login_button_clicked,Tue Apr 30 11:26:44 2024,0.0139617919921875,a.ri
880,load_data,Tue Apr 30 11:26:45 2024,0.003973484039306641,a.ri
881,show_user,Tue Apr 30 11:26:45 2024,0.008980989456176758,a.ri
882,load_data,Tue Apr 30 11:26:56 2024,0.0020143985748291016,a.ri
883,sort_button_clicked,Tue Apr 30 11:26:56 2024,0.00800633430480957,a.ri
884,set_current_user,Tue Apr 30 11:28:47 2024,0.0009970664978027344,a.ri
885,login_button_clicked,Tue Apr 30 11:28:47 2024,0.013961076736450195,a.ri
886,load_data,Tue Apr 30 11:28:48 2024,0.003990888595581055,a.ri
887,show_user,Tue Apr 30 11:28:48 2024,0.007981061935424805,a.ri
888,load_data,Tue Apr 30 11:28:51 2024,0.002991914749145508,a.ri
889,sort_button_clicked,Tue Apr 30 11:28:51 2024,0.007978677749633789,a.ri
890,set_current_user,Tue Apr 30 11:30:41 2024,0.0,a.ri
891,login_button_clicked,Tue Apr 30 11:30:41 2024,0.011950254440307617,a.ri
892,load_data,Tue Apr 30 11:30:41 2024,0.0019948482513427734,a.ri
893,show_user,Tue Apr 30 11:30:41 2024,0.008996725082397461,a.ri
894,load_data,Tue Apr 30 11:30:45 2024,0.001993894577026367,a.ri
895,sort_button_clicked,Tue Apr 30 11:30:45 2024,0.007006168365478516,a.ri
896,load_data,Tue Apr 30 11:31:01 2024,0.001993894577026367,a.ri
897,sort_button_clicked,Tue Apr 30 11:31:01 2024,0.007023811340332031,a.ri
898,load_data,Tue Apr 30 11:31:03 2024,0.0019953250885009766,a.ri
899,sort_button_clicked,Tue Apr 30 11:31:03 2024,0.007979393005371094,a.ri
900,load_data,Tue Apr 30 11:31:03 2024,0.002014636993408203,a.ri
901,sort_button_clicked,Tue Apr 30 11:31:03 2024,0.006989002227783203,a.ri
902,load_data,Tue Apr 30 11:31:05 2024,0.001993417739868164,a.ri
903,sort_button_clicked,Tue Apr 30 11:31:05 2024,0.007982730865478516,a.ri
904,load_data,Tue Apr 30 11:31:06 2024,0.0019958019256591797,a.ri
905,sort_button_clicked,Tue Apr 30 11:31:06 2024,0.007007122039794922,a.ri
906,load_data,Tue Apr 30 11:32:05 2024,0.0019919872283935547,a.ri
907,sort_button_clicked,Tue Apr 30 11:32:05 2024,0.0069789886474609375,a.ri
908,set_current_user,Tue Apr 30 11:35:03 2024,0.0,a.ri
909,login_button_clicked,Tue Apr 30 11:35:03 2024,0.010937929153442383,a.ri
910,load_data,Tue Apr 30 11:35:03 2024,0.001995563507080078,a.ri
911,show_user,Tue Apr 30 11:35:03 2024,0.007990837097167969,a.ri
912,back_to_home_page_button_clicked,Tue Apr 30 11:35:07 2024,0.0009908676147460938,a.ri
913,set_current_user,Tue Apr 30 11:38:42 2024,0.000997304916381836,a.ri
914,login_button_clicked,Tue Apr 30 11:38:42 2024,0.013961315155029297,a.ri
915,edit_information_button_clicked,Tue Apr 30 11:38:43 2024,0.0009963512420654297,a.ri
916,back_to_home_page_button_clicked,Tue Apr 30 11:39:00 2024,0.0,a.ri
917,load_data,Tue Apr 30 11:39:10 2024,0.0019953250885009766,a.ri
918,show_user,Tue Apr 30 11:39:10 2024,0.00799870491027832,a.ri
919,set_current_user,Tue Apr 30 14:22:22 2024,0.0009975433349609375,a.ri
920,login_button_clicked,Tue Apr 30 14:22:22 2024,0.01196742057800293,a.ri
921,set_current_user_for_profile_frame,Tue Apr 30 14:22:28 2024,0.0,a.ri
922,profile_button_clicked,Tue Apr 30 14:22:28 2024,0.00699925422668457,a.ri
923,back_to_home_page_button_clicked,Tue Apr 30 14:22:36 2024,0.0009996891021728516,a.ri
924,log_button_clicked,Tue Apr 30 14:22:52 2024,0.008987188339233398,a.ri
925,set_current_user,Tue Apr 30 14:32:35 2024,0.0009975433349609375,a.ri
926,login_button_clicked,Tue Apr 30 14:32:35 2024,0.01296377182006836,a.ri
927,load_data,Tue Apr 30 14:32:36 2024,0.00299072265625,a.ri
928,show_user,Tue Apr 30 14:32:36 2024,0.008975744247436523,a.ri
929,back_to_home_page_button_clicked,Tue Apr 30 14:32:37 2024,0.0,a.ri
930,log_button_clicked,Tue Apr 30 14:32:38 2024,0.008975744247436523,a.ri
931,set_current_user,Tue Apr 30 14:47:06 2024,0.0,a.ri
932,login_button_clicked,Tue Apr 30 14:47:06 2024,0.011968135833740234,a.ri
933,log_button_clicked,Tue Apr 30 14:47:07 2024,0.008968114852905273,a.ri
934,set_current_user,Tue Apr 30 14:48:03 2024,0.0009963512420654297,a.ri
935,login_button_clicked,Tue Apr 30 14:48:03 2024,0.011968612670898438,a.ri
936,log_button_clicked,Tue Apr 30 14:48:04 2024,0.009960651397705078,a.ri
937,set_current_user,Tue Apr 30 15:30:57 2024,0.0009982585906982422,a.ri
938,login_button_clicked,Tue Apr 30 15:30:57 2024,0.011967897415161133,a.ri
939,load_data,Tue Apr 30 15:30:58 2024,0.0029909610748291016,a.ri
940,show_user,Tue Apr 30 15:30:58 2024,0.007978200912475586,a.ri
941,back_to_home_page_button_clicked,Tue Apr 30 15:31:11 2024,0.0009996891021728516,a.ri
942,log_button_clicked,Tue Apr 30 15:31:11 2024,0.00898599624633789,a.ri
943,set_current_user,Tue Apr 30 15:43:25 2024,0.000997304916381836,a.ri
944,login_button_clicked,Tue Apr 30 15:43:25 2024,0.011967658996582031,a.ri
945,log_button_clicked,Tue Apr 30 15:43:26 2024,0.008969783782958984,a.ri
946,set_current_user,Tue Apr 30 15:45:30 2024,0.0009970664978027344,a.ri
947,login_button_clicked,Tue Apr 30 15:45:30 2024,0.011963367462158203,a.ri
948,log_button_clicked,Tue Apr 30 15:45:31 2024,0.00999140739440918,a.ri
949,set_current_user,Tue Apr 30 15:48:30 2024,0.0009989738464355469,a.ri
950,login_button_clicked,Tue Apr 30 15:48:30 2024,0.010970592498779297,a.ri
951,log_button_clicked,Tue Apr 30 15:48:31 2024,0.008962392807006836,a.ri
952,set_current_user,Tue Apr 30 15:49:33 2024,0.0,a.ri
953,login_button_clicked,Tue Apr 30 15:49:33 2024,0.0109710693359375,a.ri
954,log_button_clicked,Tue Apr 30 15:49:34 2024,0.010230779647827148,a.ri
955,set_current_user,Tue Apr 30 15:50:25 2024,0.0009982585906982422,a.ri
956,login_button_clicked,Tue Apr 30 15:50:25 2024,0.011967658996582031,a.ri
957,log_button_clicked,Tue Apr 30 15:50:27 2024,0.00997471809387207,a.ri
958,set_current_user,Tue Apr 30 15:52:26 2024,0.0009975433349609375,a.ri
959,login_button_clicked,Tue Apr 30 15:52:26 2024,0.011954545974731445,a.ri
960,log_button_clicked,Tue Apr 30 15:52:27 2024,0.009973526000976562,a.ri
961,set_current_user,Tue Apr 30 15:53:36 2024,0.00099945068359375,a.ri
962,login_button_clicked,Tue Apr 30 15:53:36 2024,0.012965679168701172,a.ri
963,log_button_clicked,Tue Apr 30 15:53:37 2024,0.008974790573120117,a.ri
964,set_current_user,Tue Apr 30 15:54:22 2024,0.0,a.ri
965,login_button_clicked,Tue Apr 30 15:54:22 2024,0.011545419692993164,a.ri
966,log_button_clicked,Tue Apr 30 15:54:23 2024,0.009971857070922852,a.ri
967,set_current_user,Tue Apr 30 15:55:03 2024,0.0,a.ri
968,login_button_clicked,Tue Apr 30 15:55:03 2024,0.012965917587280273,a.ri
969,log_button_clicked,Tue Apr 30 15:55:04 2024,0.009952545166015625,a.ri
970,set_current_user,Tue Apr 30 15:55:52 2024,0.0009968280792236328,a.ri
971,login_button_clicked,Tue Apr 30 15:55:52 2024,0.011967658996582031,a.ri
972,log_button_clicked,Tue Apr 30 15:55:52 2024,0.009986162185668945,a.ri
973,set_current_user,Tue Apr 30 15:56:20 2024,0.0009968280792236328,a.ri
974,login_button_clicked,Tue Apr 30 15:56:20 2024,0.012970685958862305,a.ri
975,log_button_clicked,Tue Apr 30 15:56:21 2024,0.009973526000976562,a.ri
976,set_current_user,Tue Apr 30 15:57:47 2024,0.0,a.ri
977,login_button_clicked,Tue Apr 30 15:57:47 2024,0.010970830917358398,a.ri
978,log_button_clicked,Tue Apr 30 15:57:48 2024,0.009973764419555664,a.ri
979,set_current_user,Tue Apr 30 15:59:18 2024,0.0,a.ri
980,login_button_clicked,Tue Apr 30 15:59:18 2024,0.011954784393310547,a.ri
981,log_button_clicked,Tue Apr 30 15:59:18 2024,0.00997304916381836,a.ri
982,set_current_user,Tue Apr 30 16:00:01 2024,0.0009970664978027344,a.ri
983,login_button_clicked,Tue Apr 30 16:00:01 2024,0.00997304916381836,a.ri
984,log_button_clicked,Tue Apr 30 16:00:02 2024,0.00997304916381836,a.ri
985,set_current_user,Tue Apr 30 16:00:26 2024,0.000997781753540039,a.ri
986,login_button_clicked,Tue Apr 30 16:00:26 2024,0.012962102890014648,a.ri
987,log_button_clicked,Tue Apr 30 16:00:27 2024,0.00997161865234375,a.ri
988,set_current_user,Tue Apr 30 16:02:46 2024,0.000997304916381836,a.ri
989,login_button_clicked,Tue Apr 30 16:02:46 2024,0.012964010238647461,a.ri
990,log_button_clicked,Tue Apr 30 16:02:47 2024,0.009973764419555664,a.ri
991,set_current_user,Tue Apr 30 16:04:14 2024,0.000997781753540039,a.ri
992,login_button_clicked,Tue Apr 30 16:04:14 2024,0.009972810745239258,a.ri
993,log_button_clicked,Tue Apr 30 16:04:15 2024,0.009975194931030273,a.ri
994,set_current_user,Tue Apr 30 16:04:41 2024,0.0009980201721191406,a.ri
995,login_button_clicked,Tue Apr 30 16:04:41 2024,0.011966466903686523,a.ri
996,log_button_clicked,Tue Apr 30 16:04:41 2024,0.008975982666015625,a.ri
997,set_current_user,Tue Apr 30 16:05:10 2024,0.000997304916381836,a.ri
998,login_button_clicked,Tue Apr 30 16:05:10 2024,0.011966466903686523,a.ri
999,log_button_clicked,Tue Apr 30 16:05:10 2024,0.009970903396606445,a.ri
1000,set_current_user,Tue Apr 30 16:05:31 2024,0.0009970664978027344,a.ri
1001,login_button_clicked,Tue Apr 30 16:05:31 2024,0.01196742057800293,a.ri
1002,log_button_clicked,Tue Apr 30 16:05:31 2024,0.009975194931030273,a.ri
1003,set_current_user,Tue Apr 30 16:05:54 2024,0.00099945068359375,a.ri
1004,login_button_clicked,Tue Apr 30 16:05:54 2024,0.01196599006652832,a.ri
1005,log_button_clicked,Tue Apr 30 16:05:55 2024,0.010967016220092773,a.ri
1006,set_current_user,Tue Apr 30 16:07:05 2024,0.0009968280792236328,a.ri
1007,login_button_clicked,Tue Apr 30 16:07:05 2024,0.01197195053100586,a.ri
1008,log_button_clicked,Tue Apr 30 16:07:09 2024,0.010970830917358398,a.ri
1009,set_current_user,Tue Apr 30 16:07:41 2024,0.0009968280792236328,a.ri
1010,login_button_clicked,Tue Apr 30 16:07:41 2024,0.011967658996582031,a.ri
1011,log_button_clicked,Tue Apr 30 16:07:42 2024,0.009973526000976562,a.ri
1012,set_current_user,Tue Apr 30 16:08:00 2024,0.0009975433349609375,a.ri
1013,login_button_clicked,Tue Apr 30 16:08:00 2024,0.01195979118347168,a.ri
1014,log_button_clicked,Tue Apr 30 16:08:01 2024,0.010970354080200195,a.ri
1015,set_current_user,Tue Apr 30 16:08:25 2024,0.0009970664978027344,a.ri
1016,login_button_clicked,Tue Apr 30 16:08:25 2024,0.011969804763793945,a.ri
1017,log_button_clicked,Tue Apr 30 16:08:26 2024,0.01096343994140625,a.ri
1018,set_current_user,Tue Apr 30 16:09:06 2024,0.000997781753540039,a.ri
1019,login_button_clicked,Tue Apr 30 16:09:06 2024,0.011961221694946289,a.ri
1020,log_button_clicked,Tue Apr 30 16:09:07 2024,0.009983301162719727,a.ri
1021,set_current_user,Tue Apr 30 16:10:39 2024,0.0,a.ri
1022,login_button_clicked,Tue Apr 30 16:10:39 2024,0.010970830917358398,a.ri
1023,log_button_clicked,Tue Apr 30 16:10:39 2024,0.009970664978027344,a.ri
1024,set_current_user,Tue Apr 30 16:12:04 2024,0.0009968280792236328,a.ri
1025,login_button_clicked,Tue Apr 30 16:12:04 2024,0.008974552154541016,a.ri
1026,log_button_clicked,Tue Apr 30 16:12:05 2024,0.010970830917358398,a.ri
1027,set_current_user,Tue Apr 30 16:12:59 2024,0.0,a.ri
1028,login_button_clicked,Tue Apr 30 16:12:59 2024,0.00997471809387207,a.ri
1029,log_button_clicked,Tue Apr 30 16:13:00 2024,0.009969234466552734,a.ri
1030,set_current_user,Tue Apr 30 16:13:44 2024,0.0,a.ri
1031,login_button_clicked,Tue Apr 30 16:13:44 2024,0.010968685150146484,a.ri
1032,log_button_clicked,Tue Apr 30 16:13:45 2024,0.011765241622924805,a.ri
1033,set_current_user,Tue Apr 30 16:14:16 2024,0.0009970664978027344,a.ri
1034,login_button_clicked,Tue Apr 30 16:14:16 2024,0.010970115661621094,a.ri
1035,log_button_clicked,Tue Apr 30 16:14:17 2024,0.009958505630493164,a.ri
1036,set_current_user,Tue Apr 30 16:19:55 2024,0.000997781753540039,a.ri
1037,login_button_clicked,Tue Apr 30 16:19:55 2024,0.011983871459960938,a.ri
1038,log_button_clicked,Tue Apr 30 16:19:56 2024,0.009973526000976562,a.ri
1039,set_current_user,Tue Apr 30 16:20:58 2024,0.0009984970092773438,a.ri
1040,login_button_clicked,Tue Apr 30 16:20:58 2024,0.011972427368164062,a.ri
1041,log_button_clicked,Tue Apr 30 16:20:59 2024,0.009972572326660156,a.ri
1042,set_current_user,Tue Apr 30 16:22:48 2024,0.0009975433349609375,a.ri
1043,login_button_clicked,Tue Apr 30 16:22:48 2024,0.010975837707519531,a.ri
1044,log_button_clicked,Tue Apr 30 16:22:48 2024,0.010970592498779297,a.ri
1045,set_current_user,Tue Apr 30 16:23:38 2024,0.0009980201721191406,a.ri
1046,login_button_clicked,Tue Apr 30 16:23:38 2024,0.011991500854492188,a.ri
1047,log_button_clicked,Tue Apr 30 16:23:38 2024,0.009955406188964844,a.ri
1048,set_current_user,Tue Apr 30 16:24:02 2024,0.000997781753540039,a.ri
1049,login_button_clicked,Tue Apr 30 16:24:02 2024,0.011965751647949219,a.ri
1050,log_button_clicked,Tue Apr 30 16:24:03 2024,0.01096963882446289,a.ri
1051,set_current_user,Tue Apr 30 16:25:03 2024,0.0,a.ri
1052,login_button_clicked,Tue Apr 30 16:25:03 2024,0.011967897415161133,a.ri
1053,log_button_clicked,Tue Apr 30 16:25:03 2024,0.010970354080200195,a.ri
1054,set_current_user,Tue Apr 30 16:25:41 2024,0.0009975433349609375,a.ri
1055,login_button_clicked,Tue Apr 30 16:25:41 2024,0.011974811553955078,a.ri
1056,log_button_clicked,Tue Apr 30 16:25:41 2024,0.009972810745239258,a.ri
1057,set_current_user,Tue Apr 30 16:25:56 2024,0.0009982585906982422,a.ri
1058,login_button_clicked,Tue Apr 30 16:25:56 2024,0.01196742057800293,a.ri
1059,log_button_clicked,Tue Apr 30 16:25:57 2024,0.010970115661621094,a.ri
1060,set_current_user,Tue Apr 30 16:26:32 2024,0.0009968280792236328,a.ri
1061,login_button_clicked,Tue Apr 30 16:26:32 2024,0.011967658996582031,a.ri
1062,log_button_clicked,Tue Apr 30 16:26:33 2024,0.010970115661621094,a.ri
1063,set_current_user,Tue Apr 30 16:27:10 2024,0.0009965896606445312,a.ri
1064,login_button_clicked,Tue Apr 30 16:27:10 2024,0.01100015640258789,a.ri
1065,log_button_clicked,Tue Apr 30 16:27:11 2024,0.010949373245239258,a.ri
1066,set_current_user,Tue Apr 30 16:27:50 2024,0.0009963512420654297,a.ri
1067,login_button_clicked,Tue Apr 30 16:27:50 2024,0.010950088500976562,a.ri
1068,log_button_clicked,Tue Apr 30 16:27:51 2024,0.010969877243041992,a.ri
1069,set_current_user,Tue Apr 30 16:29:02 2024,0.0009975433349609375,a.ri
1070,login_button_clicked,Tue Apr 30 16:29:02 2024,0.012964487075805664,a.ri
1071,log_button_clicked,Tue Apr 30 16:29:03 2024,0.010959863662719727,a.ri
1072,back_to_home_page_button_clicked,Tue Apr 30 16:29:18 2024,0.0009982585906982422,a.ri
1073,log_button_clicked,Tue Apr 30 16:29:18 2024,0.011944293975830078,a.ri
1074,back_to_home_page_button_clicked,Tue Apr 30 16:29:48 2024,0.000997304916381836,a.ri
1075,logout_button_clicked,Tue Apr 30 16:29:49 2024,0.0,a.ri
1076,set_current_user,Tue Apr 30 16:29:56 2024,0.0,a.ri
1077,login_button_clicked,Tue Apr 30 16:29:56 2024,0.012965202331542969,a.ri
1078,log_button_clicked,Tue Apr 30 16:29:57 2024,0.010970115661621094,a.ri
1079,back_to_home_page_button_clicked,Tue Apr 30 16:30:07 2024,0.0009970664978027344,a.ri
1080,logout_button_clicked,Tue Apr 30 16:30:07 2024,0.0,a.ri
1081,login_button_clicked,Tue Apr 30 16:30:08 2024,14.154941082000732,a.ri
1082,set_current_user,Tue Apr 30 16:30:26 2024,0.0,a.ri
1083,login_button_clicked,Tue Apr 30 16:30:26 2024,0.011012554168701172,a.ri
1084,log_button_clicked,Tue Apr 30 16:30:26 2024,0.011967897415161133,a.ri
1085,back_to_home_page_button_clicked,Tue Apr 30 16:31:20 2024,0.0009970664978027344,a.ri
1086,load_data,Tue Apr 30 16:31:21 2024,0.0029926300048828125,a.ri
1087,show_user,Tue Apr 30 16:31:21 2024,0.0069811344146728516,a.ri
1088,set_current_user,Tue Apr 30 16:33:32 2024,0.0009963512420654297,a.ri
1089,login_button_clicked,Tue Apr 30 16:33:32 2024,0.009975671768188477,a.ri
1090,load_data,Tue Apr 30 16:33:33 2024,0.001993894577026367,a.ri
1091,show_user,Tue Apr 30 16:33:33 2024,0.008974790573120117,a.ri
1092,set_current_user,Tue Apr 30 16:35:04 2024,0.0,a.ri
1093,login_button_clicked,Tue Apr 30 16:35:04 2024,0.010986566543579102,a.ri
1094,load_data,Tue Apr 30 16:35:05 2024,0.001995086669921875,a.ri
1095,show_user,Tue Apr 30 16:35:05 2024,0.007982969284057617,a.ri
1096,back_to_home_page_button_clicked,Tue Apr 30 16:35:32 2024,0.0009961128234863281,a.ri
1097,logout_button_clicked,Tue Apr 30 16:35:34 2024,0.0009970664978027344,a.ri
1098,set_current_user,Tue Apr 30 16:35:53 2024,0.0,j.mo
1099,login_button_clicked,Tue Apr 30 16:35:53 2024,0.010976314544677734,j.mo
1100,load_data,Tue Apr 30 16:35:54 2024,0.0019948482513427734,j.mo
1101,show_user,Tue Apr 30 16:35:54 2024,0.00797724723815918,j.mo
1102,back_to_home_page_button_clicked,Tue Apr 30 16:36:06 2024,0.0,j.mo
1103,set_current_user_for_profile_frame,Tue Apr 30 16:36:08 2024,0.000997304916381836,j.mo
1104,profile_button_clicked,Tue Apr 30 16:36:08 2024,0.007977008819580078,j.mo
1105,back_to_home_page_button_clicked,Tue Apr 30 16:36:09 2024,0.0009975433349609375,j.mo
1106,edit_information_button_clicked,Tue Apr 30 16:36:10 2024,0.0009975433349609375,j.mo
1107,back_to_home_page_button_clicked,Tue Apr 30 16:36:11 2024,0.0,j.mo
1108,load_data,Tue Apr 30 16:36:12 2024,0.0009963512420654297,j.mo
1109,show_user,Tue Apr 30 16:36:12 2024,0.007010459899902344,j.mo
1110,back_to_home_page_button_clicked,Tue Apr 30 16:36:24 2024,0.0,j.mo
1111,logout_button_clicked,Tue Apr 30 16:36:25 2024,0.0,j.mo
1112,set_current_user,Tue Apr 30 16:36:31 2024,0.0009970664978027344,a.ri
1113,login_button_clicked,Tue Apr 30 16:36:31 2024,0.010970354080200195,a.ri
1114,load_data,Tue Apr 30 16:36:32 2024,0.002991914749145508,a.ri
1115,show_user,Tue Apr 30 16:36:32 2024,0.008965253829956055,a.ri
1116,set_current_user,Tue Apr 30 18:47:29 2024,0.0,a.ri
1117,login_button_clicked,Tue Apr 30 18:47:29 2024,0.011967658996582031,a.ri
1118,load_data,Tue Apr 30 18:47:30 2024,0.0029854774475097656,a.ri
1119,show_user,Tue Apr 30 18:47:30 2024,0.006981849670410156,a.ri
1120,set_current_user,Tue Apr 30 18:48:08 2024,0.000997781753540039,a.ri
1121,login_button_clicked,Tue Apr 30 18:48:07 2024,0.010970830917358398,a.ri
1122,load_data,Tue Apr 30 18:48:08 2024,0.002992391586303711,a.ri
1123,show_user,Tue Apr 30 18:48:08 2024,0.008975982666015625,a.ri
1124,load_data,Tue Apr 30 18:48:12 2024,0.001995563507080078,a.ri
1125,sort_button_clicked,Tue Apr 30 18:48:12 2024,0.006986379623413086,a.ri
1126,load_data,Tue Apr 30 18:48:26 2024,0.0009975433349609375,a.ri
1127,sort_button_clicked,Tue Apr 30 18:48:26 2024,0.006981372833251953,a.ri
1128,load_data,Tue Apr 30 18:49:03 2024,0.001995563507080078,a.ri
1129,sort_button_clicked,Tue Apr 30 18:49:03 2024,0.006982326507568359,a.ri
1130,load_data,Tue Apr 30 18:49:03 2024,0.001994609832763672,a.ri
1131,sort_button_clicked,Tue Apr 30 18:49:03 2024,0.007513761520385742,a.ri
1132,load_data,Tue Apr 30 18:49:04 2024,0.0010039806365966797,a.ri
1133,sort_button_clicked,Tue Apr 30 18:49:04 2024,0.005984067916870117,a.ri
1134,load_data,Tue Apr 30 18:49:05 2024,0.0009975433349609375,a.ri
1135,sort_button_clicked,Tue Apr 30 18:49:05 2024,0.0069828033447265625,a.ri
1136,load_data,Tue Apr 30 18:49:05 2024,0.001995563507080078,a.ri
1137,sort_button_clicked,Tue Apr 30 18:49:05 2024,0.0069844722747802734,a.ri
1138,load_data,Tue Apr 30 18:49:05 2024,0.0019948482513427734,a.ri
1139,sort_button_clicked,Tue Apr 30 18:49:05 2024,0.005959272384643555,a.ri
1140,load_data,Tue Apr 30 18:49:05 2024,0.0019898414611816406,a.ri
1141,sort_button_clicked,Tue Apr 30 18:49:05 2024,0.00697779655456543,a.ri
1142,back_to_home_page_button_clicked,Tue Apr 30 18:50:13 2024,0.0009965896606445312,a.ri
1143,log_button_clicked,Tue Apr 30 18:50:14 2024,0.011972665786743164,a.ri
1144,set_current_user,Tue Apr 30 18:54:03 2024,0.0009975433349609375,a.ri
1145,login_button_clicked,Tue Apr 30 18:54:03 2024,0.011968612670898438,a.ri
1146,load_data,Tue Apr 30 18:54:04 2024,0.0029921531677246094,a.ri
1147,show_user,Tue Apr 30 18:54:04 2024,0.006982088088989258,a.ri
1148,set_current_user,Tue Apr 30 18:55:29 2024,0.001994609832763672,a.ri
1149,login_button_clicked,Tue Apr 30 18:55:29 2024,0.012964248657226562,a.ri
1150,load_data,Tue Apr 30 18:55:30 2024,0.003988742828369141,a.ri
1151,show_user,Tue Apr 30 18:55:30 2024,0.007973909378051758,a.ri
1152,load_data,Tue Apr 30 18:55:41 2024,0.002991914749145508,a.ri
1153,sort_button_clicked,Tue Apr 30 18:55:41 2024,0.006985664367675781,a.ri
1154,set_current_user,Tue Apr 30 18:58:32 2024,0.0009982585906982422,a.ri
1155,login_button_clicked,Tue Apr 30 18:58:32 2024,0.012573719024658203,a.ri
1156,load_data,Tue Apr 30 18:58:33 2024,0.0029914379119873047,a.ri
1157,show_user,Tue Apr 30 18:58:33 2024,0.007978677749633789,a.ri
1158,load_data,Tue Apr 30 18:58:37 2024,0.0019948482513427734,a.ri
1159,sort_button_clicked,Tue Apr 30 18:58:37 2024,0.0069866180419921875,a.ri
1160,set_current_user,Wed May  1 15:50:42 2024,0.000997304916381836,a.ri
1161,login_button_clicked,Wed May  1 15:50:42 2024,0.022167444229125977,a.ri
1162,load_data,Wed May  1 15:50:44 2024,0.0029172897338867188,a.ri
1163,show_user,Wed May  1 15:50:44 2024,0.009995698928833008,a.ri
1164,back_to_home_page_button_clicked,Wed May  1 15:50:48 2024,0.0,a.ri
1165,load_data,Wed May  1 15:50:54 2024,0.001979351043701172,a.ri
1166,show_user,Wed May  1 15:50:54 2024,0.007008075714111328,a.ri
1167,load_data,Wed May  1 15:51:02 2024,0.0019941329956054688,a.ri
1168,sort_button_clicked,Wed May  1 15:51:02 2024,0.007996797561645508,a.ri
1169,set_current_user,Wed May  1 15:51:24 2024,0.00099945068359375,a.ri
1170,login_button_clicked,Wed May  1 15:51:24 2024,0.013718128204345703,a.ri
1171,load_data,Wed May  1 15:51:29 2024,0.004025936126708984,a.ri
1172,show_user,Wed May  1 15:51:29 2024,0.011171579360961914,a.ri
1173,load_data,Wed May  1 15:51:32 2024,0.0030913352966308594,a.ri
1174,sort_button_clicked,Wed May  1 15:51:32 2024,0.008386373519897461,a.ri
1175,set_current_user,Wed May  1 15:52:14 2024,0.0010192394256591797,a.ri
1176,login_button_clicked,Wed May  1 15:52:14 2024,0.01214599609375,a.ri
1177,load_data,Wed May  1 15:52:15 2024,0.0040471553802490234,a.ri
1178,show_user,Wed May  1 15:52:15 2024,0.011056900024414062,a.ri
1179,load_data,Wed May  1 15:52:18 2024,0.0032913684844970703,a.ri
1180,sort_button_clicked,Wed May  1 15:52:18 2024,0.009566545486450195,a.ri
1181,set_current_user,Wed May  1 15:53:37 2024,0.0009975433349609375,a.ri
1182,login_button_clicked,Wed May  1 15:53:37 2024,0.01197195053100586,a.ri
1183,log_button_clicked,Wed May  1 15:53:40 2024,0.014959096908569336,a.ri
1184,back_to_home_page_button_clicked,Wed May  1 15:53:59 2024,0.0009927749633789062,a.ri
1185,load_data,Wed May  1 15:54:19 2024,0.0029921531677246094,a.ri
1186,show_user,Wed May  1 15:54:19 2024,0.008967876434326172,a.ri
1187,load_data,Wed May  1 15:54:24 2024,0.001994609832763672,a.ri
1188,sort_button_clicked,Wed May  1 15:54:24 2024,0.008026361465454102,a.ri
1189,load_data,Wed May  1 15:54:26 2024,0.0010006427764892578,a.ri
1190,sort_button_clicked,Wed May  1 15:54:26 2024,0.008042097091674805,a.ri
1191,load_data,Wed May  1 15:54:29 2024,0.002020120620727539,a.ri
1192,sort_button_clicked,Wed May  1 15:54:29 2024,0.007032871246337891,a.ri
1193,back_to_home_page_button_clicked,Wed May  1 15:54:58 2024,0.000997781753540039,a.ri
1194,set_current_user_for_profile_frame,Wed May  1 15:54:59 2024,0.0009965896606445312,a.ri
1195,profile_button_clicked,Wed May  1 15:54:59 2024,0.007972002029418945,a.ri
1196,back_to_home_page_button_clicked,Wed May  1 15:55:04 2024,0.0009899139404296875,a.ri
1197,edit_information_button_clicked,Wed May  1 15:55:05 2024,0.001989126205444336,a.ri
1198,back_to_home_page_button_clicked,Wed May  1 15:55:07 2024,0.0009996891021728516,a.ri
1199,edit_information_button_clicked,Wed May  1 15:55:08 2024,0.0009975433349609375,a.ri
1200,back_to_home_page_button_clicked,Wed May  1 15:55:12 2024,0.0009996891021728516,a.ri
1201,log_button_clicked,Wed May  1 15:57:49 2024,0.01946711540222168,a.ri
1202,back_to_home_page_button_clicked,Wed May  1 15:57:57 2024,0.0009975433349609375,a.ri
1203,log_button_clicked,Wed May  1 16:00:32 2024,0.014011621475219727,a.ri
